date,model_id,company,pipeline_tag,downloads_30d,like_ratio,growth_7d,market_share,velocity
2026-04-16,sentence-transformers/all-MiniLM-L6-v2,Sentence Transformers,sentence-similarity,198776030,0.0,0.0204,0.166068,132077.1
2026-04-16,google-bert/bert-base-uncased,Google,fill-mask,64570059,0.0,-0.0452,0.053945,42903.7
2026-04-16,google/electra-base-discriminator,Google,unknown,48056020,0.0,-0.0128,0.040149,31930.9
2026-04-16,Falconsai/nsfw_image_detection,Community,image-classification,37998389,0.0,-0.0015,0.031746,41528.3
2026-04-16,sentence-transformers/paraphrase-multilingual-MiniLM-L12-v2,Sentence Transformers,sentence-similarity,32244189,0.0,0.1293,0.026938,21424.7
2026-04-16,sentence-transformers/all-mpnet-base-v2,Sentence Transformers,sentence-similarity,31883666,0.0,0.0866,0.026637,21185.2
2026-04-16,openai/clip-vit-large-patch14,OpenAI,zero-shot-image-classification,24244530,0.0001,-0.1689,0.020255,16109.3
2026-04-16,FacebookAI/roberta-large,Meta,fill-mask,21354336,0.0,0.0571,0.017841,14188.9
2026-04-16,cross-encoder/ms-marco-MiniLM-L6-v2,Sentence Transformers,text-ranking,20755695,0.0,0.2537,0.01734,13791.2
2026-04-16,openai/clip-vit-base-patch32,OpenAI,zero-shot-image-classification,20266081,0.0,-0.0205,0.016931,13465.8
2026-04-16,BAAI/bge-small-en-v1.5,BAAI,feature-extraction,19241938,0.0,0.2121,0.016076,20340.3
2026-04-16,Qwen/Qwen3-VL-2B-Instruct,Alibaba,image-text-to-text,18847374,0.0,,0.015746,105884.1
2026-04-16,FacebookAI/xlm-roberta-base,Meta,fill-mask,18675983,0.0,-0.0332,0.015603,12409.3
2026-04-16,laion/clap-htsat-fused,Community,audio-classification,18085282,0.0,-0.082,0.015109,15671.8
2026-04-16,openai/clip-vit-large-patch14-336,OpenAI,zero-shot-image-classification,16663380,0.0,0.1189,0.013921,11460.4
2026-04-16,amazon/chronos-2,Amazon,time-series-forecasting,16231998,0.0,0.1951,0.013561,97197.6
2026-04-16,FacebookAI/roberta-base,Meta,fill-mask,15689808,0.0,0.0237,0.013108,10425.1
2026-04-16,BAAI/bge-m3,BAAI,sentence-similarity,15636241,0.0002,0.0399,0.013063,19327.9
2026-04-16,colbert-ir/colbertv2.0,Community,unknown,15453161,0.0,0.0018,0.01291,15105.7
2026-04-16,timm/mobilenetv3_small_100.lamb_in1k,Hugging Face,image-classification,15350645,0.0,0.048,0.012825,12623.9
2026-04-16,Qwen/Qwen3-0.6B,Alibaba,text-generation,15063024,0.0001,0.0103,0.012584,42671.5
2026-04-16,Bingsu/adetailer,Community,unknown,14667426,0.0,-0.0618,0.012254,13518.4
2026-04-16,openai-community/gpt2,OpenAI,text-generation,13849161,0.0002,0.0293,0.01157,9202.1
2026-04-16,Qwen/Qwen2.5-7B-Instruct,Alibaba,text-generation,12832577,0.0001,0.0182,0.010721,22278.8
2026-04-16,pyannote/wespeaker-voxceleb-resnet34-LM,Community,unknown,11615476,0.0,-0.0287,0.009704,13139.7
2026-04-16,nomic-ai/nomic-embed-text-v1.5,Community,sentence-similarity,11498265,0.0001,0.078,0.009606,14463.2
2026-04-16,apple/DFN5B-CLIP-ViT-H-14-378,Community,unknown,10842800,0.0,,0.009059,12074.4
2026-04-16,pyannote/segmentation-3.0,Community,voice-activity-detection,10698185,0.0001,-0.0387,0.008938,11429.7
2026-04-16,pyannote/speaker-diarization-3.1,Community,automatic-speech-recognition,10441428,0.0002,-0.0443,0.008723,11851.8
2026-04-16,Qwen/Qwen2.5-1.5B-Instruct,Alibaba,text-generation,10230790,0.0001,0.0728,0.008547,17792.7
2026-04-16,Qwen/Qwen2.5-3B-Instruct,Alibaba,text-generation,10072950,0.0,0.2348,0.008415,17518.2
2026-04-16,hexgrad/Kokoro-82M,Community,text-to-speech,10062545,0.0006,0.0298,0.008407,21184.3
2026-04-16,deepseek-ai/DeepSeek-V3.2,DeepSeek,text-generation,9977156,0.0001,,0.008335,73904.9
2026-04-16,omni-research/Tarsier2-Recap-7b,Community,unknown,9764377,0.0,-0.0787,0.008158,22814.0
2026-04-16,autogluon/chronos-bolt-small,Amazon,time-series-forecasting,9723109,0.0,-0.0485,0.008123,18770.5
2026-04-16,meta-llama/Llama-3.1-8B-Instruct,Meta,text-generation,9548783,0.0006,0.0721,0.007978,15013.8
2026-04-16,BAAI/bge-large-en-v1.5,BAAI,feature-extraction,9383869,0.0001,0.2977,0.00784,9919.5
2026-04-16,Qwen/Qwen3-8B,Alibaba,text-generation,8582115,0.0001,-0.0221,0.00717,24311.9
2026-04-16,distilbert/distilbert-base-uncased,Hugging Face,fill-mask,8081751,0.0001,0.0496,0.006752,5369.9
2026-04-16,Qwen/Qwen3-4B,Alibaba,text-generation,7800891,0.0001,-0.0589,0.006517,22098.8
2026-04-16,Qwen/Qwen3-1.7B,Alibaba,text-generation,7623316,0.0001,-0.0677,0.006369,21595.8
2026-04-16,facebook/contriever,Meta,unknown,7357889,0.0,0.0107,0.006147,4889.0
2026-04-16,autogluon/chronos-2,Amazon,time-series-forecasting,7185194,0.0,-0.2174,0.006003,37618.8
2026-04-16,dima806/fairface_age_image_detection,Community,image-classification,7166394,0.0,0.0599,0.005987,14477.6
2026-04-16,Qwen/Qwen3-4B-Instruct-2507,Alibaba,text-generation,7010202,0.0001,-0.061,0.005857,27708.3
2026-04-16,trl-internal-testing/tiny-Qwen2ForCausalLM-2.5,Community,text-generation,6954474,0.0,0.1828,0.00581,13744.0
2026-04-16,Kijai/WanVideo_comfy,Community,unknown,6910959,0.0003,-0.0763,0.005774,16693.1
2026-04-16,Marqo/nsfw-image-detection-384,Community,image-classification,6865042,0.0,-0.1436,0.005735,13434.5
2026-04-16,zai-org/GLM-OCR,Community,image-to-text,6864443,0.0002,0.2171,0.005735,91525.9
2026-04-16,BAAI/bge-reranker-v2-m3,BAAI,text-classification,6841551,0.0001,0.1595,0.005716,8990.2
2026-04-16,facebook/opt-125m,Meta,text-generation,6643359,0.0,0.0105,0.00555,4629.5
2026-04-16,BAAI/bge-base-en-v1.5,BAAI,feature-extraction,6546281,0.0001,0.0803,0.005469,6912.7
2026-04-16,FacebookAI/xlm-roberta-large,Meta,fill-mask,6503971,0.0001,-0.015,0.005434,4321.6
2026-04-16,openai/whisper-large-v3-turbo,OpenAI,automatic-speech-recognition,6496902,0.0005,0.1304,0.005428,11580.9
2026-04-16,coqui/XTTS-v2,Community,text-to-speech,6486632,0.0005,0.0535,0.005419,7231.5
2026-04-16,argmaxinc/whisperkit-coreml,Community,automatic-speech-recognition,6409042,0.0,0.0828,0.005354,8248.4
2026-04-16,Comfy-Org/Wan_2.2_ComfyUI_Repackaged,Community,unknown,6331290,0.0001,-0.0931,0.005289,24165.2
2026-04-16,Qwen/Qwen2.5-VL-3B-Instruct,Alibaba,image-text-to-text,6307675,0.0001,-0.0157,0.00527,14206.5
2026-04-16,openai/gpt-oss-20b,OpenAI,text-generation,6191914,0.0007,0.0673,0.005173,24377.6
2026-04-16,answerdotai/ModernBERT-base,Community,fill-mask,6106265,0.0002,-0.1536,0.005101,12461.8
2026-04-16,Qwen/Qwen3-Embedding-0.6B,Alibaba,feature-extraction,6086913,0.0002,0.0123,0.005085,19262.4
2026-04-16,Qwen/Qwen3.5-9B,Alibaba,image-text-to-text,6036145,0.0002,0.2163,0.005043,128428.6
2026-04-16,amazon/chronos-bolt-base,Amazon,time-series-forecasting,6009355,0.0,-0.1082,0.005021,11876.2
2026-04-16,google/vit-base-patch16-224-in21k,Google,image-feature-extraction,5882874,0.0001,0.0069,0.004915,3908.9
2026-04-16,lpiccinelli/unidepth-v2-vitl14,Community,unknown,5706891,0.0,-0.2003,0.004768,8492.4
2026-04-16,intfloat/multilingual-e5-large,Community,feature-extraction,5695154,0.0002,0.1034,0.004758,5583.5
2026-04-16,jonatasgrosman/wav2vec2-large-xlsr-53-russian,Community,automatic-speech-recognition,5542936,0.0,-0.1353,0.004631,3683.0
2026-04-16,moonshotai/Kimi-K2.5,Community,image-text-to-text,5421533,0.0005,-0.1011,0.004529,52130.1
2026-04-16,Qwen/Qwen2.5-0.5B-Instruct,Alibaba,text-generation,5306655,0.0001,-0.0163,0.004433,9212.9
2026-04-16,timm/vit_base_patch14_dinov2.lvd142m,Hugging Face,image-feature-extraction,5011640,0.0,0.1436,0.004187,4675.0
2026-04-16,meta-llama/Llama-3.2-3B-Instruct,Meta,text-generation,4968924,0.0004,-0.1518,0.004151,8656.7
2026-04-16,usyd-community/vitpose-plus-base,Community,keypoint-detection,4870536,0.0,0.2548,0.004069,10542.3
2026-04-16,openai/whisper-large-v3,OpenAI,automatic-speech-recognition,4815006,0.0012,0.0146,0.004023,5410.1
2026-04-16,jonatasgrosman/wav2vec2-large-xlsr-53-portuguese,Community,automatic-speech-recognition,4586688,0.0,-0.1864,0.003832,3047.6
2026-04-16,google/vit-base-patch16-224,Google,image-classification,4573394,0.0002,0.0275,0.003821,3038.8
2026-04-16,ProsusAI/finbert,Community,text-classification,4557287,0.0002,-0.0715,0.003807,3028.1
2026-04-16,Qwen/Qwen2.5-VL-7B-Instruct,Alibaba,image-text-to-text,4519495,0.0003,0.0436,0.003776,10179.0
2026-04-16,dphn/dolphin-2.9.1-yi-1.5-34b,Community,text-generation,4418831,0.0,0.0039,0.003692,6339.8
2026-04-16,nomic-ai/nomic-embed-text-v1,Community,sentence-similarity,4381719,0.0001,0.255,0.003661,5443.1
2026-04-16,meta-llama/Llama-3.2-1B-Instruct,Meta,text-generation,4368820,0.0003,0.049,0.00365,7611.2
2026-04-16,intfloat/multilingual-e5-small,Community,sentence-similarity,4365594,0.0001,0.0921,0.003647,4280.0
2026-04-16,google-bert/bert-base-multilingual-uncased,Google,fill-mask,4335124,0.0,-0.0385,0.003622,2880.5
2026-04-16,mixedbread-ai/mxbai-embed-large-v1,Community,feature-extraction,4158070,0.0002,0.1844,0.003474,5407.1
2026-04-16,sentence-transformers/paraphrase-multilingual-mpnet-base-v2,Sentence Transformers,sentence-similarity,4028654,0.0001,-0.0938,0.003366,2676.8
2026-04-16,google-bert/bert-base-cased,Google,fill-mask,4003772,0.0001,-0.1049,0.003345,2660.3
2026-04-16,Comfy-Org/Wan_2.1_ComfyUI_repackaged,Community,unknown,4003739,0.0002,-0.0493,0.003345,9670.9
2026-04-16,facebook/esmfold_v1,Meta,unknown,3956938,0.0,0.1173,0.003306,3137.9
2026-04-16,MahmoudAshraf/mms-300m-1130-forced-aligner,Community,automatic-speech-recognition,3948942,0.0,-0.0722,0.003299,5538.5
2026-04-16,Qwen/Qwen3-VL-8B-Instruct,Alibaba,image-text-to-text,3898875,0.0002,-0.109,0.003257,20961.7
2026-04-16,deepseek-ai/DeepSeek-R1,DeepSeek,text-generation,3809981,0.0035,0.1951,0.003183,8466.6
2026-04-16,Qwen/Qwen2.5-32B-Instruct,Alibaba,text-generation,3728034,0.0001,-0.108,0.003115,6483.5
2026-04-16,Qwen/Qwen3.5-35B-A3B,Alibaba,image-text-to-text,3715078,0.0004,0.0896,0.003104,74301.6
2026-04-16,google-bert/bert-base-multilingual-cased,Google,fill-mask,3554922,0.0002,0.0045,0.00297,2362.1
2026-04-16,openai/gpt-oss-120b,OpenAI,text-generation,3489532,0.0013,-0.0232,0.002915,13738.3
2026-04-16,cardiffnlp/twitter-roberta-base-sentiment-latest,Community,text-classification,3441186,0.0002,-0.0076,0.002875,2306.4
2026-04-16,sentence-transformers/paraphrase-MiniLM-L6-v2,Sentence Transformers,sentence-similarity,3358034,0.0,-0.1143,0.002805,2231.3
2026-04-16,meta-llama/Meta-Llama-3-8B,Meta,text-generation,3287503,0.002,,0.002747,4515.8
2026-04-16,google/gemma-4-31B-it,Google,image-text-to-text,3195626,0.0006,,0.00267,91303.6
2026-04-16,Qwen/Qwen3.5-27B,Alibaba,image-text-to-text,3193778,0.0003,,0.002668,63875.6
2026-04-16,Qwen/Qwen3-VL-30B-A3B-Instruct,Alibaba,image-text-to-text,3157618,0.0002,-0.2638,0.002638,16028.5
2026-04-15,sentence-transformers/all-MiniLM-L6-v2,Sentence Transformers,sentence-similarity,197617014,0.0,0.0098,0.167079,131394.3
2026-04-15,google-bert/bert-base-uncased,Google,fill-mask,65122944,0.0,-0.049,0.055059,43299.8
2026-04-15,google/electra-base-discriminator,Google,unknown,48794032,0.0,-0.0054,0.041254,32442.8
2026-04-15,Falconsai/nsfw_image_detection,Community,image-classification,37919900,0.0,-0.0077,0.03206,41487.9
2026-04-15,sentence-transformers/paraphrase-multilingual-MiniLM-L12-v2,Sentence Transformers,sentence-similarity,31536917,0.0,0.1181,0.026663,20968.7
2026-04-15,sentence-transformers/all-mpnet-base-v2,Sentence Transformers,sentence-similarity,31465294,0.0,0.0709,0.026603,20921.1
2026-04-15,openai/clip-vit-large-patch14,OpenAI,zero-shot-image-classification,29263729,0.0001,0.0229,0.024742,19457.3
2026-04-15,FacebookAI/roberta-large,Meta,fill-mask,21126127,0.0,0.0542,0.017861,14046.6
2026-04-15,openai/clip-vit-base-patch32,OpenAI,zero-shot-image-classification,20507115,0.0,-0.0037,0.017338,13635.0
2026-04-15,cross-encoder/ms-marco-MiniLM-L6-v2,Sentence Transformers,text-ranking,20083989,0.0,0.2429,0.01698,13353.7
2026-04-15,FacebookAI/xlm-roberta-base,Meta,fill-mask,18796468,0.0,-0.039,0.015892,12497.7
2026-04-15,BAAI/bge-small-en-v1.5,BAAI,feature-extraction,18647361,0.0,0.2145,0.015766,19732.7
2026-04-15,laion/clap-htsat-fused,Community,audio-classification,17854353,0.0,-0.1379,0.015095,15485.1
2026-04-15,openai/clip-vit-large-patch14-336,OpenAI,zero-shot-image-classification,16332124,0.0,0.1372,0.013808,11240.3
2026-04-15,amazon/chronos-2,Amazon,time-series-forecasting,15859717,0.0,0.217,0.013409,95540.5
2026-04-15,FacebookAI/roberta-base,Meta,fill-mask,15674773,0.0,-0.0032,0.013253,10422.1
2026-04-15,timm/mobilenetv3_small_100.lamb_in1k,Hugging Face,image-classification,15506983,0.0,0.0621,0.013111,12762.9
2026-04-15,BAAI/bge-m3,BAAI,sentence-similarity,15482789,0.0002,0.0315,0.01309,19161.9
2026-04-15,colbert-ir/colbertv2.0,Community,unknown,15315067,0.0,-0.009,0.012948,14985.4
2026-04-15,Qwen/Qwen3-0.6B,Alibaba,text-generation,15046236,0.0001,0.022,0.012721,42745.0
2026-04-15,Bingsu/adetailer,Community,unknown,14760206,0.0,-0.0675,0.012479,13616.4
2026-04-15,openai-community/gpt2,OpenAI,text-generation,13855848,0.0002,0.0298,0.011715,9212.7
2026-04-15,Qwen/Qwen2.5-7B-Instruct,Alibaba,text-generation,12731921,0.0001,-0.0153,0.010764,22142.5
2026-04-15,pyannote/wespeaker-voxceleb-resnet34-LM,Community,unknown,11636409,0.0,-0.0289,0.009838,13178.3
2026-04-15,nomic-ai/nomic-embed-text-v1.5,Community,sentence-similarity,11296418,0.0001,0.0508,0.009551,14227.2
2026-04-15,pyannote/segmentation-3.0,Community,voice-activity-detection,10740479,0.0001,-0.0361,0.009081,11487.1
2026-04-15,pyannote/speaker-diarization-3.1,Community,automatic-speech-recognition,10498090,0.0002,-0.0389,0.008876,11929.6
2026-04-15,Qwen/Qwen2.5-1.5B-Instruct,Alibaba,text-generation,10162651,0.0001,0.0286,0.008592,17705.0
2026-04-15,Qwen/Qwen2.5-3B-Instruct,Alibaba,text-generation,9959750,0.0,0.2694,0.008421,17351.5
2026-04-15,deepseek-ai/DeepSeek-V3.2,DeepSeek,text-generation,9952544,0.0001,,0.008415,74272.7
2026-04-15,hexgrad/Kokoro-82M,Community,text-to-speech,9906656,0.0006,0.0049,0.008376,20900.1
2026-04-15,omni-research/Tarsier2-Recap-7b,Community,unknown,9897289,0.0,-0.0843,0.008368,23178.7
2026-04-15,autogluon/chronos-bolt-small,Amazon,time-series-forecasting,9880934,0.0,-0.0318,0.008354,19112.1
2026-04-15,meta-llama/Llama-3.1-8B-Instruct,Meta,text-generation,9429308,0.0006,0.0822,0.007972,14849.3
2026-04-15,BAAI/bge-large-en-v1.5,BAAI,feature-extraction,9010054,0.0001,0.2623,0.007618,9534.4
2026-04-15,apple/DFN5B-CLIP-ViT-H-14-378,Community,unknown,8813737,0.0,,0.007452,9825.8
2026-04-15,Qwen/Qwen3-8B,Alibaba,text-generation,8316099,0.0001,-0.0695,0.007031,23625.3
2026-04-15,distilbert/distilbert-base-uncased,Hugging Face,fill-mask,7921793,0.0001,0.0266,0.006698,5267.1
2026-04-15,Qwen/Qwen3-4B,Alibaba,text-generation,7858945,0.0001,-0.0509,0.006644,22326.5
2026-04-15,Qwen/Qwen3-1.7B,Alibaba,text-generation,7733023,0.0001,-0.0347,0.006538,21968.8
2026-04-15,autogluon/chronos-2,Amazon,time-series-forecasting,7495204,0.0,-0.1833,0.006337,39448.4
2026-04-15,facebook/contriever,Meta,unknown,7349663,0.0,0.0121,0.006214,4886.7
2026-04-15,Marqo/nsfw-image-detection-384,Community,image-classification,7147020,0.0,-0.1216,0.006043,14013.8
2026-04-15,dima806/fairface_age_image_detection,Community,image-classification,7104718,0.0,0.0528,0.006007,14382.0
2026-04-15,Qwen/Qwen3-4B-Instruct-2507,Alibaba,text-generation,7096367,0.0001,-0.0349,0.006,28160.2
2026-04-15,Kijai/WanVideo_comfy,Community,unknown,7011572,0.0003,-0.0769,0.005928,16977.2
2026-04-15,trl-internal-testing/tiny-Qwen2ForCausalLM-2.5,Community,text-generation,6838317,0.0,0.0446,0.005782,13541.2
2026-04-15,BAAI/bge-reranker-v2-m3,BAAI,text-classification,6763545,0.0001,0.1528,0.005718,8899.4
2026-04-15,zai-org/GLM-OCR,Community,image-to-text,6719384,0.0002,0.2282,0.005681,90802.5
2026-04-15,facebook/opt-125m,Meta,text-generation,6617583,0.0,-0.0047,0.005595,4614.8
2026-04-15,answerdotai/ModernBERT-base,Community,fill-mask,6605957,0.0002,-0.0874,0.005585,13509.1
2026-04-15,FacebookAI/xlm-roberta-large,Meta,fill-mask,6481240,0.0001,-0.0166,0.00548,4309.3
2026-04-15,BAAI/bge-base-en-v1.5,BAAI,feature-extraction,6477049,0.0001,0.0852,0.005476,6846.8
2026-04-15,Comfy-Org/Wan_2.2_ComfyUI_Repackaged,Community,unknown,6467624,0.0001,-0.0724,0.005468,24780.2
2026-04-15,openai/whisper-large-v3-turbo,OpenAI,automatic-speech-recognition,6450742,0.0005,0.2176,0.005454,11519.2
2026-04-15,coqui/XTTS-v2,Community,text-to-speech,6410931,0.0005,0.0367,0.00542,7155.1
2026-04-15,Qwen/Qwen2.5-VL-3B-Instruct,Alibaba,image-text-to-text,6355335,0.0001,-0.0045,0.005373,14346.1
2026-04-15,argmaxinc/whisperkit-coreml,Community,automatic-speech-recognition,6233902,0.0,0.0659,0.005271,8033.4
2026-04-15,amazon/chronos-bolt-base,Amazon,time-series-forecasting,6228142,0.0,-0.0754,0.005266,12333.0
2026-04-15,openai/gpt-oss-20b,OpenAI,text-generation,6101661,0.0007,0.0582,0.005159,24117.2
2026-04-15,Qwen/Qwen3-Embedding-0.6B,Alibaba,feature-extraction,6091508,0.0002,0.0191,0.00515,19338.1
2026-04-15,google/vit-base-patch16-224-in21k,Google,image-feature-extraction,5982281,0.0001,0.0994,0.005058,3977.6
2026-04-15,lpiccinelli/unidepth-v2-vitl14,Community,unknown,5848978,0.0,-0.2149,0.004945,8716.8
2026-04-15,Qwen/Qwen3.5-9B,Alibaba,image-text-to-text,5842301,0.0002,0.1902,0.004939,127006.5
2026-04-15,moonshotai/Kimi-K2.5,Community,image-text-to-text,5556751,0.0004,-0.0898,0.004698,53949.0
2026-04-15,intfloat/multilingual-e5-large,Community,feature-extraction,5552207,0.0002,0.0898,0.004694,5448.7
2026-04-15,jonatasgrosman/wav2vec2-large-xlsr-53-russian,Community,automatic-speech-recognition,5505648,0.0,-0.1715,0.004655,3660.7
2026-04-15,Qwen/Qwen3-VL-2B-Instruct,Alibaba,image-text-to-text,5464995,0.0001,,0.00462,30875.7
2026-04-15,meta-llama/Llama-3.2-3B-Instruct,Meta,text-generation,5154556,0.0004,-0.124,0.004358,8995.7
2026-04-15,timm/vit_base_patch14_dinov2.lvd142m,Hugging Face,image-feature-extraction,5046131,0.0,0.1527,0.004266,4711.6
2026-04-15,Qwen/Qwen2.5-0.5B-Instruct,Alibaba,text-generation,5022700,0.0001,-0.1215,0.004247,8735.1
2026-04-15,usyd-community/vitpose-plus-base,Community,keypoint-detection,4856606,0.0,0.2957,0.004106,10534.9
2026-04-15,openai/whisper-large-v3,OpenAI,automatic-speech-recognition,4790669,0.0012,0.0117,0.00405,5388.8
2026-04-15,jonatasgrosman/wav2vec2-large-xlsr-53-portuguese,Community,automatic-speech-recognition,4581350,0.0,-0.2211,0.003873,3046.1
2026-04-15,google/vit-base-patch16-224,Google,image-classification,4555824,0.0002,0.0301,0.003852,3029.1
2026-04-15,ProsusAI/finbert,Community,text-classification,4543240,0.0002,-0.0798,0.003841,3020.8
2026-04-15,Qwen/Qwen2.5-VL-7B-Instruct,Alibaba,image-text-to-text,4459066,0.0003,0.0247,0.00377,10065.6
2026-04-15,dphn/dolphin-2.9.1-yi-1.5-34b,Community,text-generation,4409841,0.0,0.0008,0.003728,6336.0
2026-04-15,google-bert/bert-base-multilingual-uncased,Google,fill-mask,4360345,0.0,-0.0405,0.003687,2899.2
2026-04-15,meta-llama/Llama-3.2-1B-Instruct,Meta,text-generation,4297346,0.0003,0.0249,0.003633,7499.7
2026-04-15,intfloat/multilingual-e5-small,Community,sentence-similarity,4276613,0.0001,0.085,0.003616,4196.9
2026-04-15,nomic-ai/nomic-embed-text-v1,Community,sentence-similarity,4243926,0.0001,0.2528,0.003588,5278.5
2026-04-15,mixedbread-ai/mxbai-embed-large-v1,Community,feature-extraction,4066155,0.0002,0.1918,0.003438,5294.5
2026-04-15,Comfy-Org/Wan_2.1_ComfyUI_repackaged,Community,unknown,4046626,0.0002,-0.0477,0.003421,9798.1
2026-04-15,sentence-transformers/paraphrase-multilingual-mpnet-base-v2,Sentence Transformers,sentence-similarity,4032404,0.0001,-0.1242,0.003409,2681.1
2026-04-15,MahmoudAshraf/mms-300m-1130-forced-aligner,Community,automatic-speech-recognition,3989665,0.0,-0.0695,0.003373,5603.5
2026-04-15,Qwen/Qwen3-VL-8B-Instruct,Alibaba,image-text-to-text,3969753,0.0002,-0.0845,0.003356,21458.1
2026-04-15,facebook/esmfold_v1,Meta,unknown,3957703,0.0,0.0079,0.003346,3141.0
2026-04-15,google-bert/bert-base-cased,Google,fill-mask,3953025,0.0001,-0.1337,0.003342,2628.3
2026-04-15,Qwen/Qwen2.5-32B-Instruct,Alibaba,text-generation,3904622,0.0001,-0.08,0.003301,6802.5
2026-04-15,google-bert/bert-base-multilingual-cased,Google,fill-mask,3650336,0.0002,0.0815,0.003086,2427.1
2026-04-15,deepseek-ai/DeepSeek-R1,DeepSeek,text-generation,3648980,0.0036,,0.003085,8126.9
2026-04-15,Qwen/Qwen3.5-35B-A3B,Alibaba,image-text-to-text,3641028,0.0004,0.0888,0.003078,74306.7
2026-04-15,openai/gpt-oss-120b,OpenAI,text-generation,3497759,0.0013,-0.0423,0.002957,13825.1
2026-04-15,Qwen/Qwen3-VL-30B-A3B-Instruct,Alibaba,image-text-to-text,3475167,0.0002,-0.2036,0.002938,17730.4
2026-04-15,cardiffnlp/twitter-roberta-base-sentiment-latest,Community,text-classification,3390612,0.0002,-0.0215,0.002867,2274.1
2026-04-15,sentence-transformers/paraphrase-MiniLM-L6-v2,Sentence Transformers,sentence-similarity,3297127,0.0,-0.1436,0.002788,2192.2
2026-04-15,meta-llama/Meta-Llama-3-8B,Meta,text-generation,3221335,0.002,,0.002724,4431.0
2026-04-15,Qwen/Qwen3.5-27B,Alibaba,image-text-to-text,3163801,0.0003,,0.002675,64567.4
2026-04-15,OneThink/OneThinker-SFT-Qwen3-8B,Community,any-to-any,3157179,0.0,,0.002669,23561.0
2026-04-14,sentence-transformers/all-MiniLM-L6-v2,Sentence Transformers,sentence-similarity,197058112,0.0,,0.16742,131109.9
2026-04-14,google-bert/bert-base-uncased,Google,fill-mask,65042154,0.0,,0.05526,43274.9
2026-04-14,google/electra-base-discriminator,Google,unknown,48707060,0.0,,0.041381,32406.6
2026-04-14,Falconsai/nsfw_image_detection,Community,image-classification,37833439,0.0,,0.032143,41438.6
2026-04-14,sentence-transformers/all-mpnet-base-v2,Sentence Transformers,sentence-similarity,31073631,0.0,,0.0264,20674.4
2026-04-14,sentence-transformers/paraphrase-multilingual-MiniLM-L12-v2,Sentence Transformers,sentence-similarity,31060932,0.0,,0.026389,20666.0
2026-04-14,openai/clip-vit-large-patch14,OpenAI,zero-shot-image-classification,28958509,0.0001,,0.024603,19267.1
2026-04-14,FacebookAI/roberta-large,Meta,fill-mask,20892863,0.0,,0.017751,13900.8
2026-04-14,openai/clip-vit-base-patch32,OpenAI,zero-shot-image-classification,20606982,0.0,,0.017508,13710.6
2026-04-14,cross-encoder/ms-marco-MiniLM-L6-v2,Sentence Transformers,text-ranking,19558715,0.0,,0.016617,13013.1
2026-04-14,FacebookAI/xlm-roberta-base,Meta,fill-mask,19029363,0.0,,0.016167,12660.9
2026-04-14,laion/clap-htsat-fused,Community,audio-classification,18592981,0.0,,0.015797,16139.7
2026-04-14,BAAI/bge-small-en-v1.5,BAAI,feature-extraction,18236778,0.0,,0.015494,19318.6
2026-04-14,openai/clip-vit-large-patch14-336,OpenAI,zero-shot-image-classification,16186804,0.0,,0.013752,11147.9
2026-04-14,FacebookAI/roberta-base,Meta,fill-mask,15853611,0.0,,0.013469,10548.0
2026-04-14,amazon/chronos-2,Amazon,time-series-forecasting,15705375,0.0,,0.013343,95184.1
2026-04-14,BAAI/bge-m3,BAAI,sentence-similarity,15480761,0.0002,,0.013152,19183.1
2026-04-14,timm/mobilenetv3_small_100.lamb_in1k,Hugging Face,image-classification,15362910,0.0,,0.013052,12654.8
2026-04-14,Qwen/Qwen3-0.6B,Alibaba,text-generation,15189206,0.0001,,0.012905,43274.1
2026-04-14,colbert-ir/colbertv2.0,Community,unknown,15122313,0.0,,0.012848,14811.3
2026-04-14,Bingsu/adetailer,Community,unknown,14916783,0.0,,0.012673,13773.6
2026-04-14,openai-community/gpt2,OpenAI,text-generation,13823357,0.0002,,0.011744,9197.2
2026-04-14,Qwen/Qwen2.5-7B-Instruct,Alibaba,text-generation,12506262,0.0001,,0.010625,21787.9
2026-04-14,pyannote/wespeaker-voxceleb-resnet34-LM,Community,unknown,11646253,0.0,,0.009895,13204.4
2026-04-14,nomic-ai/nomic-embed-text-v1.5,Community,sentence-similarity,11166876,0.0001,,0.009487,14081.8
2026-04-14,pyannote/segmentation-3.0,Community,voice-activity-detection,10778423,0.0001,,0.009157,11540.1
2026-04-14,pyannote/speaker-diarization-3.1,Community,automatic-speech-recognition,10545113,0.0002,,0.008959,11996.7
2026-04-14,omni-research/Tarsier2-Recap-7b,Community,unknown,10028863,0.0,,0.00852,23541.9
2026-04-14,autogluon/chronos-bolt-small,Amazon,time-series-forecasting,10003438,0.0,,0.008499,19386.5
2026-04-14,Qwen/Qwen2.5-1.5B-Instruct,Alibaba,text-generation,9897943,0.0001,,0.008409,17273.9
2026-04-14,hexgrad/Kokoro-82M,Community,text-to-speech,9804786,0.0006,,0.00833,20728.9
2026-04-14,Qwen/Qwen2.5-3B-Instruct,Alibaba,text-generation,9450558,0.0,,0.008029,16493.1
2026-04-14,meta-llama/Llama-3.1-8B-Instruct,Meta,text-generation,9358754,0.0006,,0.007951,14761.4
2026-04-14,deepseek-ai/DeepSeek-V3.2,DeepSeek,text-generation,8783356,0.0002,,0.007462,66040.3
2026-04-14,BAAI/bge-large-en-v1.5,BAAI,feature-extraction,8690771,0.0001,,0.007384,9206.3
2026-04-14,autogluon/chronos-2,Amazon,time-series-forecasting,8300400,0.0,,0.007052,43917.5
2026-04-14,Qwen/Qwen3-8B,Alibaba,text-generation,8182703,0.0001,,0.006952,23312.5
2026-04-14,Qwen/Qwen3-4B,Alibaba,text-generation,7935606,0.0001,,0.006742,22608.6
2026-04-14,Qwen/Qwen3-1.7B,Alibaba,text-generation,7834987,0.0001,,0.006657,22321.9
2026-04-14,distilbert/distilbert-base-uncased,Hugging Face,fill-mask,7812179,0.0001,,0.006637,5197.7
2026-04-14,facebook/contriever,Meta,unknown,7370670,0.0,,0.006262,4904.0
2026-04-14,Marqo/nsfw-image-detection-384,Community,image-classification,7354358,0.0,,0.006248,14448.6
2026-04-14,Qwen/Qwen3-4B-Instruct-2507,Alibaba,text-generation,7306608,0.0001,,0.006208,29110.0
2026-04-14,answerdotai/ModernBERT-base,Community,fill-mask,7160531,0.0001,,0.006084,14673.2
2026-04-14,Kijai/WanVideo_comfy,Community,unknown,7119325,0.0003,,0.006049,17279.9
2026-04-14,dima806/fairface_age_image_detection,Community,image-classification,6913263,0.0,,0.005873,14022.8
2026-04-14,FacebookAI/xlm-roberta-large,Meta,fill-mask,6670810,0.0001,,0.005667,4438.3
2026-04-14,BAAI/bge-reranker-v2-m3,BAAI,text-classification,6657618,0.0001,,0.005656,8771.6
2026-04-14,Comfy-Org/Wan_2.2_ComfyUI_Repackaged,Community,unknown,6618520,0.0001,,0.005623,25455.8
2026-04-14,facebook/opt-125m,Meta,text-generation,6615260,0.0,,0.00562,4616.4
2026-04-14,apple/DFN5B-CLIP-ViT-H-14-378,Community,unknown,6580584,0.0,,0.005591,7344.4
2026-04-14,zai-org/GLM-OCR,Community,image-to-text,6568928,0.0002,,0.005581,89985.3
2026-04-14,trl-internal-testing/tiny-Qwen2ForCausalLM-2.5,Community,text-generation,6503685,0.0,,0.005526,12904.1
2026-04-14,amazon/chronos-bolt-base,Amazon,time-series-forecasting,6447190,0.0,,0.005478,12792.0
2026-04-14,openai/whisper-large-v3-turbo,OpenAI,automatic-speech-recognition,6431902,0.0005,,0.005465,11506.1
2026-04-14,BAAI/bge-base-en-v1.5,BAAI,feature-extraction,6421613,0.0001,,0.005456,6795.4
2026-04-14,Qwen/Qwen2.5-VL-3B-Instruct,Alibaba,image-text-to-text,6397091,0.0001,,0.005435,14473.1
2026-04-14,coqui/XTTS-v2,Community,text-to-speech,6375337,0.0005,,0.005416,7123.3
2026-04-14,argmaxinc/whisperkit-coreml,Community,automatic-speech-recognition,6110670,0.0,,0.005192,7884.7
2026-04-14,google/vit-base-patch16-224-in21k,Google,image-feature-extraction,6085755,0.0001,,0.00517,4049.1
2026-04-14,Qwen/Qwen3-Embedding-0.6B,Alibaba,feature-extraction,6074875,0.0002,,0.005161,19346.7
2026-04-14,openai/gpt-oss-20b,OpenAI,text-generation,6055527,0.0007,,0.005145,24029.9
2026-04-14,lpiccinelli/unidepth-v2-vitl14,Community,unknown,5964978,0.0,,0.005068,8903.0
2026-04-14,moonshotai/Kimi-K2.5,Community,image-text-to-text,5819489,0.0004,,0.004944,57053.8
2026-04-14,Qwen/Qwen3.5-9B,Alibaba,image-text-to-text,5662081,0.0002,,0.00481,125824.0
2026-04-14,jonatasgrosman/wav2vec2-large-xlsr-53-russian,Community,automatic-speech-recognition,5584757,0.0,,0.004745,3715.7
2026-04-14,intfloat/multilingual-e5-large,Community,feature-extraction,5424342,0.0002,,0.004608,5328.4
2026-04-14,Qwen/Qwen2.5-0.5B-Instruct,Alibaba,text-generation,5207358,0.0001,,0.004424,9072.1
2026-04-14,meta-llama/Llama-3.2-3B-Instruct,Meta,text-generation,5174315,0.0004,,0.004396,9046.0
2026-04-14,timm/vit_base_patch14_dinov2.lvd142m,Hugging Face,image-feature-extraction,4905466,0.0,,0.004168,4584.5
2026-04-14,usyd-community/vitpose-plus-base,Community,keypoint-detection,4841004,0.0,,0.004113,10523.9
2026-04-14,openai/whisper-large-v3,OpenAI,automatic-speech-recognition,4791423,0.0012,,0.004071,5395.7
2026-04-14,jonatasgrosman/wav2vec2-large-xlsr-53-portuguese,Community,automatic-speech-recognition,4719815,0.0,,0.00401,3140.3
2026-04-14,google/vit-base-patch16-224,Google,image-classification,4549567,0.0002,,0.003865,3027.0
2026-04-14,ProsusAI/finbert,Community,text-classification,4542077,0.0002,,0.003859,3022.0
2026-04-14,dphn/dolphin-2.9.1-yi-1.5-34b,Community,text-generation,4418364,0.0,,0.003754,6357.4
2026-04-14,Qwen/Qwen3-VL-2B-Instruct,Alibaba,image-text-to-text,4416536,0.0001,,0.003752,25094.0
2026-04-14,Qwen/Qwen2.5-VL-7B-Instruct,Alibaba,image-text-to-text,4410915,0.0003,,0.003747,9979.4
2026-04-14,google-bert/bert-base-multilingual-uncased,Google,fill-mask,4387661,0.0,,0.003728,2919.3
2026-04-14,meta-llama/Llama-3.2-1B-Instruct,Meta,text-generation,4262166,0.0003,,0.003621,7451.3
2026-04-14,intfloat/multilingual-e5-small,Community,sentence-similarity,4211814,0.0001,,0.003578,4137.3
2026-04-14,google-bert/bert-base-cased,Google,fill-mask,4180591,0.0001,,0.003552,2781.5
2026-04-14,sentence-transformers/paraphrase-multilingual-mpnet-base-v2,Sentence Transformers,sentence-similarity,4098860,0.0001,,0.003482,2727.1
2026-04-14,Qwen/Qwen3-VL-8B-Instruct,Alibaba,image-text-to-text,4087294,0.0002,,0.003473,22213.6
2026-04-14,Comfy-Org/Wan_2.1_ComfyUI_repackaged,Community,unknown,4086103,0.0002,,0.003472,9917.7
2026-04-14,nomic-ai/nomic-embed-text-v1,Community,sentence-similarity,4066358,0.0001,,0.003455,5064.0
2026-04-14,Qwen/Qwen2.5-32B-Instruct,Alibaba,text-generation,4044146,0.0001,,0.003436,7057.8
2026-04-14,mixedbread-ai/mxbai-embed-large-v1,Community,feature-extraction,3994167,0.0002,,0.003393,5207.5
2026-04-14,MahmoudAshraf/mms-300m-1130-forced-aligner,Community,automatic-speech-recognition,3966445,0.0,,0.00337,5578.7
2026-04-14,facebook/esmfold_v1,Meta,unknown,3906702,0.0,,0.003319,3103.0
2026-04-14,Qwen/Qwen3-VL-30B-A3B-Instruct,Alibaba,image-text-to-text,3811134,0.0001,,0.003238,19544.3
2026-04-14,google-bert/bert-base-multilingual-cased,Google,fill-mask,3675539,0.0002,,0.003123,2445.5
2026-04-14,Qwen/Qwen3.5-35B-A3B,Alibaba,image-text-to-text,3602052,0.0004,,0.00306,75042.8
2026-04-14,deepseek-ai/DeepSeek-R1,DeepSeek,text-generation,3556946,0.0037,,0.003022,7939.6
2026-04-14,openai/gpt-oss-120b,OpenAI,text-generation,3470910,0.0013,,0.002949,13773.5
2026-04-14,cardiffnlp/twitter-roberta-base-sentiment-latest,Community,text-classification,3367684,0.0002,,0.002861,2260.2
2026-04-14,sentence-transformers/paraphrase-MiniLM-L6-v2,Sentence Transformers,sentence-similarity,3328216,0.0,,0.002828,2214.4
2026-04-14,jonatasgrosman/wav2vec2-large-xlsr-53-chinese-zh-cn,Community,automatic-speech-recognition,3240225,0.0,,0.002753,2155.8
2026-04-14,meta-llama/Meta-Llama-3-8B,Meta,text-generation,3199007,0.002,,0.002718,4406.3
2026-04-14,sentence-transformers/all-MiniLM-L12-v2,Sentence Transformers,sentence-similarity,3192163,0.0001,,0.002712,2123.9
2026-04-13,sentence-transformers/all-MiniLM-L6-v2,Sentence Transformers,sentence-similarity,196242264,0.0,,0.167537,130654.0
2026-04-13,google-bert/bert-base-uncased,Google,fill-mask,64955150,0.0,,0.055454,43245.8
2026-04-13,google/electra-base-discriminator,Google,unknown,48441319,0.0,,0.041355,32251.2
2026-04-13,Falconsai/nsfw_image_detection,Community,image-classification,37877016,0.0,,0.032336,41531.8
2026-04-13,sentence-transformers/all-mpnet-base-v2,Sentence Transformers,sentence-similarity,30685756,0.0,,0.026197,20429.9
2026-04-13,sentence-transformers/paraphrase-multilingual-MiniLM-L12-v2,Sentence Transformers,sentence-similarity,30516849,0.0,,0.026053,20317.5
2026-04-13,openai/clip-vit-large-patch14,OpenAI,zero-shot-image-classification,28680807,0.0001,,0.024485,19095.1
2026-04-13,FacebookAI/roberta-large,Meta,fill-mask,20760866,0.0,,0.017724,13822.1
2026-04-13,openai/clip-vit-base-patch32,OpenAI,zero-shot-image-classification,20679610,0.0,,0.017655,13768.0
2026-04-13,cross-encoder/ms-marco-MiniLM-L6-v2,Sentence Transformers,text-ranking,19234142,0.0,,0.016421,12805.7
2026-04-13,laion/clap-htsat-fused,Community,audio-classification,18977088,0.0,,0.016201,16487.5
2026-04-13,FacebookAI/xlm-roberta-base,Meta,fill-mask,18932327,0.0,,0.016163,12604.7
2026-04-13,BAAI/bge-small-en-v1.5,BAAI,feature-extraction,17831716,0.0,,0.015223,18909.6
2026-04-13,openai/clip-vit-large-patch14-336,OpenAI,zero-shot-image-classification,16182182,0.0,,0.013815,11152.4
2026-04-13,FacebookAI/roberta-base,Meta,fill-mask,15622338,0.0,,0.013337,10401.0
2026-04-13,BAAI/bge-m3,BAAI,sentence-similarity,15468942,0.0002,,0.013206,19192.2
2026-04-13,amazon/chronos-2,Amazon,time-series-forecasting,15307611,0.0,,0.013068,93339.1
2026-04-13,timm/mobilenetv3_small_100.lamb_in1k,Hugging Face,image-classification,15302579,0.0,,0.013064,12615.5
2026-04-13,Bingsu/adetailer,Community,unknown,15140634,0.0,,0.012926,13993.2
2026-04-13,Qwen/Qwen3-0.6B,Alibaba,text-generation,15132434,0.0001,,0.012919,43235.5
2026-04-13,colbert-ir/colbertv2.0,Community,unknown,15055909,0.0,,0.012854,14760.7
2026-04-13,openai-community/gpt2,OpenAI,text-generation,13743378,0.0002,,0.011733,9150.1
2026-04-13,Qwen/Qwen2.5-7B-Instruct,Alibaba,text-generation,12901134,0.0001,,0.011014,22515.1
2026-04-13,pyannote/wespeaker-voxceleb-resnet34-LM,Community,unknown,11602604,0.0,,0.009905,13169.8
2026-04-13,nomic-ai/nomic-embed-text-v1.5,Community,sentence-similarity,11154179,0.0001,,0.009523,14083.6
2026-04-13,pyannote/segmentation-3.0,Community,voice-activity-detection,10720899,0.0001,,0.009153,11490.8
2026-04-13,pyannote/speaker-diarization-3.1,Community,automatic-speech-recognition,10509517,0.0002,,0.008972,11969.8
2026-04-13,autogluon/chronos-bolt-small,Amazon,time-series-forecasting,10030045,0.0,,0.008563,19475.8
2026-04-13,omni-research/Tarsier2-Recap-7b,Community,unknown,9915121,0.0,,0.008465,23329.7
2026-04-13,Qwen/Qwen2.5-1.5B-Instruct,Alibaba,text-generation,9909829,0.0001,,0.00846,17324.9
2026-04-13,hexgrad/Kokoro-82M,Community,text-to-speech,9754851,0.0006,,0.008328,20667.1
2026-04-13,meta-llama/Llama-3.1-8B-Instruct,Meta,text-generation,9281533,0.0006,,0.007924,14662.8
2026-04-13,Qwen/Qwen2.5-3B-Instruct,Alibaba,text-generation,9112856,0.0,,0.00778,15931.6
2026-04-13,autogluon/chronos-2,Amazon,time-series-forecasting,8857802,0.0,,0.007562,47116.0
2026-04-13,BAAI/bge-large-en-v1.5,BAAI,feature-extraction,8470944,0.0001,,0.007232,8983.0
2026-04-13,Qwen/Qwen3-8B,Alibaba,text-generation,8132779,0.0001,,0.006943,23236.5
2026-04-13,Qwen/Qwen3-4B,Alibaba,text-generation,8008172,0.0001,,0.006837,22880.5
2026-04-13,Qwen/Qwen3-1.7B,Alibaba,text-generation,7932028,0.0001,,0.006772,22662.9
2026-04-13,distilbert/distilbert-base-uncased,Hugging Face,fill-mask,7748031,0.0001,,0.006615,5158.5
2026-04-13,Marqo/nsfw-image-detection-384,Community,image-classification,7478441,0.0,,0.006385,14721.3
2026-04-13,facebook/contriever,Meta,unknown,7399697,0.0,,0.006317,4926.6
2026-04-13,Qwen/Qwen3-4B-Instruct-2507,Alibaba,text-generation,7265970,0.0001,,0.006203,29063.9
2026-04-13,Kijai/WanVideo_comfy,Community,unknown,7259204,0.0003,,0.006197,17662.3
2026-04-13,answerdotai/ModernBERT-base,Community,fill-mask,7190667,0.0001,,0.006139,14765.2
2026-04-13,dima806/fairface_age_image_detection,Community,image-classification,7022065,0.0,,0.005995,14272.5
2026-04-13,Comfy-Org/Wan_2.2_ComfyUI_Repackaged,Community,unknown,6779843,0.0001,,0.005788,26177.0
2026-04-13,FacebookAI/xlm-roberta-large,Meta,fill-mask,6740879,0.0001,,0.005755,4487.9
2026-04-13,amazon/chronos-bolt-base,Amazon,time-series-forecasting,6669720,0.0,,0.005694,13259.9
2026-04-13,apple/DFN5B-CLIP-ViT-H-14-378,Community,unknown,6585511,0.0,,0.005622,7358.1
2026-04-13,BAAI/bge-reranker-v2-m3,BAAI,text-classification,6528032,0.0001,,0.005573,8612.2
2026-04-13,facebook/opt-125m,Meta,text-generation,6497157,0.0,,0.005547,4537.1
2026-04-13,deepseek-ai/DeepSeek-V3.2,DeepSeek,text-generation,6410111,0.0002,,0.005472,48561.4
2026-04-13,Qwen/Qwen2.5-VL-3B-Instruct,Alibaba,image-text-to-text,6399993,0.0001,,0.005464,14512.5
2026-04-13,zai-org/GLM-OCR,Community,image-to-text,6394405,0.0003,,0.005459,88811.2
2026-04-13,openai/whisper-large-v3-turbo,OpenAI,automatic-speech-recognition,6390262,0.0005,,0.005456,11452.1
2026-04-13,BAAI/bge-base-en-v1.5,BAAI,feature-extraction,6384733,0.0001,,0.005451,6763.5
2026-04-13,coqui/XTTS-v2,Community,text-to-speech,6372841,0.0005,,0.005441,7128.5
2026-04-13,trl-internal-testing/tiny-Qwen2ForCausalLM-2.5,Community,text-generation,6358156,0.0,,0.005428,12640.5
2026-04-13,argmaxinc/whisperkit-coreml,Community,automatic-speech-recognition,6189774,0.0,,0.005284,7997.1
2026-04-13,lpiccinelli/unidepth-v2-vitl14,Community,unknown,6165291,0.0,,0.005263,9215.7
2026-04-13,Qwen/Qwen3-Embedding-0.6B,Alibaba,feature-extraction,6074678,0.0002,,0.005186,19407.9
2026-04-13,google/vit-base-patch16-224-in21k,Google,image-feature-extraction,6047552,0.0001,,0.005163,4026.3
2026-04-13,openai/gpt-oss-20b,OpenAI,text-generation,6010268,0.0008,,0.005131,23945.3
2026-04-13,moonshotai/Kimi-K2.5,Community,image-text-to-text,5906660,0.0004,,0.005043,58481.8
2026-04-13,jonatasgrosman/wav2vec2-large-xlsr-53-russian,Community,automatic-speech-recognition,5737187,0.0,,0.004898,3819.7
2026-04-13,Qwen/Qwen2.5-0.5B-Instruct,Alibaba,text-generation,5578108,0.0001,,0.004762,9734.9
2026-04-13,Qwen/Qwen3.5-9B,Alibaba,image-text-to-text,5551500,0.0002,,0.004739,126170.5
2026-04-13,meta-llama/Llama-3.2-3B-Instruct,Meta,text-generation,5376117,0.0004,,0.00459,9415.3
2026-04-13,intfloat/multilingual-e5-large,Community,feature-extraction,5307197,0.0002,,0.004531,5218.5
2026-04-13,jonatasgrosman/wav2vec2-large-xlsr-53-portuguese,Community,automatic-speech-recognition,4965755,0.0,,0.004239,3306.1
2026-04-13,timm/vit_base_patch14_dinov2.lvd142m,Hugging Face,image-feature-extraction,4754628,0.0,,0.004059,4447.7
2026-04-13,usyd-community/vitpose-plus-base,Community,keypoint-detection,4754046,0.0,,0.004059,10357.4
2026-04-13,openai/whisper-large-v3,OpenAI,automatic-speech-recognition,4752360,0.0012,,0.004057,5357.8
2026-04-13,ProsusAI/finbert,Community,text-classification,4577632,0.0002,,0.003908,3047.7
2026-04-13,google/vit-base-patch16-224,Google,image-classification,4532085,0.0002,,0.003869,3017.4
2026-04-13,dphn/dolphin-2.9.1-yi-1.5-34b,Community,text-generation,4432083,0.0,,0.003784,6386.3
2026-04-13,google-bert/bert-base-multilingual-uncased,Google,fill-mask,4429303,0.0,,0.003781,2948.9
2026-04-13,Qwen/Qwen2.5-VL-7B-Instruct,Alibaba,image-text-to-text,4370585,0.0003,,0.003731,9910.6
2026-04-13,meta-llama/Llama-3.2-1B-Instruct,Meta,text-generation,4206705,0.0003,,0.003591,7367.3
2026-04-13,Qwen/Qwen3-VL-8B-Instruct,Alibaba,image-text-to-text,4187105,0.0002,,0.003575,22880.4
2026-04-13,Comfy-Org/Wan_2.1_ComfyUI_repackaged,Community,unknown,4139219,0.0002,,0.003534,10071.1
2026-04-13,google-bert/bert-base-cased,Google,fill-mask,4130878,0.0001,,0.003527,2750.3
2026-04-13,sentence-transformers/paraphrase-multilingual-mpnet-base-v2,Sentence Transformers,sentence-similarity,4125655,0.0001,,0.003522,2746.8
2026-04-13,intfloat/multilingual-e5-small,Community,sentence-similarity,4107004,0.0001,,0.003506,4038.4
2026-04-13,Qwen/Qwen3-VL-30B-A3B-Instruct,Alibaba,image-text-to-text,4081270,0.0001,,0.003484,21037.5
2026-04-13,Qwen/Qwen2.5-32B-Instruct,Alibaba,text-generation,4079012,0.0001,,0.003482,7131.1
2026-04-13,MahmoudAshraf/mms-300m-1130-forced-aligner,Community,automatic-speech-recognition,4001799,0.0,,0.003416,5636.3
2026-04-13,nomic-ai/nomic-embed-text-v1,Community,sentence-similarity,3973319,0.0001,,0.003392,4954.3
2026-04-13,mixedbread-ai/mxbai-embed-large-v1,Community,feature-extraction,3913713,0.0002,,0.003341,5109.3
2026-04-13,facebook/esmfold_v1,Meta,unknown,3769894,0.0,,0.003218,2996.7
2026-04-13,google-bert/bert-base-multilingual-cased,Google,fill-mask,3615697,0.0002,,0.003087,2407.3
2026-04-13,Qwen/Qwen3.5-35B-A3B,Alibaba,image-text-to-text,3584163,0.0004,,0.00306,76258.8
2026-04-13,jonatasgrosman/wav2vec2-large-xlsr-53-chinese-zh-cn,Community,automatic-speech-recognition,3524101,0.0,,0.003009,2346.3
2026-04-13,deepseek-ai/DeepSeek-R1,DeepSeek,text-generation,3505215,0.0038,,0.002992,7841.6
2026-04-13,openai/gpt-oss-120b,OpenAI,text-generation,3468454,0.0013,,0.002961,13818.5
2026-04-13,Qwen/Qwen3-VL-2B-Instruct,Alibaba,image-text-to-text,3394013,0.0001,,0.002898,19394.4
2026-04-13,sentence-transformers/paraphrase-MiniLM-L6-v2,Sentence Transformers,sentence-similarity,3356004,0.0,,0.002865,2234.4
2026-04-13,cardiffnlp/twitter-roberta-base-sentiment-latest,Community,text-classification,3344489,0.0002,,0.002855,2246.1
2026-04-13,sentence-transformers/all-MiniLM-L12-v2,Sentence Transformers,sentence-similarity,3213605,0.0001,,0.002744,2139.6
2026-04-13,OneThink/OneThinker-SFT-Qwen3-8B,Community,any-to-any,3164541,0.0,,0.002702,23973.8
2026-04-12,sentence-transformers/all-MiniLM-L6-v2,Sentence Transformers,sentence-similarity,195533068,0.0,,0.167924,130268.5
2026-04-12,google-bert/bert-base-uncased,Google,fill-mask,65056218,0.0,,0.05587,43341.9
2026-04-12,google/electra-base-discriminator,Google,unknown,48286098,0.0,,0.041468,32169.3
2026-04-12,Falconsai/nsfw_image_detection,Community,image-classification,37639677,0.0,,0.032325,41316.9
2026-04-12,sentence-transformers/all-mpnet-base-v2,Sentence Transformers,sentence-similarity,30240804,0.0,,0.025971,20147.1
2026-04-12,sentence-transformers/paraphrase-multilingual-MiniLM-L12-v2,Sentence Transformers,sentence-similarity,29978499,0.0,,0.025746,19972.4
2026-04-12,openai/clip-vit-large-patch14,OpenAI,zero-shot-image-classification,28761702,0.0001,,0.024701,19161.7
2026-04-12,FacebookAI/roberta-large,Meta,fill-mask,20811217,0.0,,0.017873,13864.9
2026-04-12,openai/clip-vit-base-patch32,OpenAI,zero-shot-image-classification,20731775,0.0,,0.017804,13812.0
2026-04-12,laion/clap-htsat-fused,Community,audio-classification,19147796,0.0,,0.016444,16650.3
2026-04-12,FacebookAI/xlm-roberta-base,Meta,fill-mask,18942837,0.0,,0.016268,12620.1
2026-04-12,cross-encoder/ms-marco-MiniLM-L6-v2,Sentence Transformers,text-ranking,18775738,0.0,,0.016125,12508.8
2026-04-12,BAAI/bge-small-en-v1.5,BAAI,feature-extraction,17415699,0.0,,0.014957,18488.0
2026-04-12,openai/clip-vit-large-patch14-336,OpenAI,zero-shot-image-classification,16319692,0.0,,0.014015,11255.0
2026-04-12,FacebookAI/roberta-base,Meta,fill-mask,15529497,0.0,,0.013337,10346.1
2026-04-12,BAAI/bge-m3,BAAI,sentence-similarity,15368242,0.0002,,0.013198,19091.0
2026-04-12,Bingsu/adetailer,Community,unknown,15248576,0.0,,0.013095,14106.0
2026-04-12,colbert-ir/colbertv2.0,Community,unknown,15170838,0.0,,0.013029,14888.0
2026-04-12,Qwen/Qwen3-0.6B,Alibaba,text-generation,15133638,0.0001,,0.012997,43362.9
2026-04-12,timm/mobilenetv3_small_100.lamb_in1k,Hugging Face,image-classification,15098527,0.0,,0.012967,12457.5
2026-04-12,amazon/chronos-2,Amazon,time-series-forecasting,14729510,0.0,,0.01265,90365.1
2026-04-12,openai-community/gpt2,OpenAI,text-generation,13621649,0.0002,,0.011698,9075.0
2026-04-12,Qwen/Qwen2.5-7B-Instruct,Alibaba,text-generation,12936213,0.0001,,0.01111,22615.8
2026-04-12,pyannote/wespeaker-voxceleb-resnet34-LM,Community,unknown,11731178,0.0,,0.010075,13330.9
2026-04-12,nomic-ai/nomic-embed-text-v1.5,Community,sentence-similarity,11045940,0.0001,,0.009486,13964.5
2026-04-12,pyannote/segmentation-3.0,Community,voice-activity-detection,10830478,0.0001,,0.009301,11620.7
2026-04-12,pyannote/speaker-diarization-3.1,Community,automatic-speech-recognition,10628547,0.0002,,0.009128,12119.2
2026-04-12,autogluon/chronos-bolt-small,Amazon,time-series-forecasting,10102666,0.0,,0.008676,19655.0
2026-04-12,omni-research/Tarsier2-Recap-7b,Community,unknown,10083592,0.0,,0.00866,23782.1
2026-04-12,Qwen/Qwen2.5-1.5B-Instruct,Alibaba,text-generation,9915572,0.0001,,0.008515,17365.3
2026-04-12,hexgrad/Kokoro-82M,Community,text-to-speech,9776544,0.0006,,0.008396,20757.0
2026-04-12,meta-llama/Llama-3.1-8B-Instruct,Meta,text-generation,9266275,0.0006,,0.007958,14661.8
2026-04-12,autogluon/chronos-2,Amazon,time-series-forecasting,9058399,0.0,,0.007779,48440.6
2026-04-12,Qwen/Qwen2.5-3B-Instruct,Alibaba,text-generation,8750507,0.0001,,0.007515,15324.9
2026-04-12,BAAI/bge-large-en-v1.5,BAAI,feature-extraction,8204194,0.0001,,0.007046,8709.3
2026-04-12,Qwen/Qwen3-8B,Alibaba,text-generation,8161941,0.0001,,0.007009,23386.7
2026-04-12,Qwen/Qwen3-4B,Alibaba,text-generation,8077185,0.0001,,0.006937,23143.8
2026-04-12,Qwen/Qwen3-1.7B,Alibaba,text-generation,8067534,0.0001,,0.006928,23116.1
2026-04-12,distilbert/distilbert-base-uncased,Hugging Face,fill-mask,7735144,0.0001,,0.006643,5153.3
2026-04-12,Marqo/nsfw-image-detection-384,Community,image-classification,7591089,0.0,,0.006519,14972.6
2026-04-12,facebook/contriever,Meta,unknown,7384432,0.0,,0.006342,4919.7
2026-04-12,Kijai/WanVideo_comfy,Community,unknown,7343543,0.0003,,0.006307,17911.1
2026-04-12,Qwen/Qwen3-4B-Instruct-2507,Alibaba,text-generation,7239962,0.0001,,0.006218,29076.2
2026-04-12,answerdotai/ModernBERT-base,Community,fill-mask,7191154,0.0001,,0.006176,14796.6
2026-04-12,dima806/fairface_age_image_detection,Community,image-classification,6839758,0.0,,0.005874,13930.3
2026-04-12,Comfy-Org/Wan_2.2_ComfyUI_Repackaged,Community,unknown,6812999,0.0001,,0.005851,26407.0
2026-04-12,amazon/chronos-bolt-base,Amazon,time-series-forecasting,6778354,0.0,,0.005821,13502.7
2026-04-12,FacebookAI/xlm-roberta-large,Meta,fill-mask,6749713,0.0001,,0.005797,4496.8
2026-04-12,apple/DFN5B-CLIP-ViT-H-14-378,Community,unknown,6595196,0.0,,0.005664,7377.2
2026-04-12,facebook/opt-125m,Meta,text-generation,6476982,0.0,,0.005562,4526.2
2026-04-12,Qwen/Qwen2.5-VL-3B-Instruct,Alibaba,image-text-to-text,6442139,0.0001,,0.005533,14641.2
2026-04-12,trl-internal-testing/tiny-Qwen2ForCausalLM-2.5,Community,text-generation,6423307,0.0,,0.005516,12795.4
2026-04-12,openai/whisper-large-v3-turbo,OpenAI,automatic-speech-recognition,6368833,0.0005,,0.00547,11434.2
2026-04-12,BAAI/bge-reranker-v2-m3,BAAI,text-classification,6335532,0.0001,,0.005441,8369.3
2026-04-12,coqui/XTTS-v2,Community,text-to-speech,6314705,0.0006,,0.005423,7071.3
2026-04-12,BAAI/bge-base-en-v1.5,BAAI,feature-extraction,6310801,0.0001,,0.00542,6692.3
2026-04-12,lpiccinelli/unidepth-v2-vitl14,Community,unknown,6294045,0.0,,0.005405,9422.2
2026-04-12,zai-org/GLM-OCR,Community,image-to-text,6199300,0.0003,,0.005324,87314.1
2026-04-12,argmaxinc/whisperkit-coreml,Community,automatic-speech-recognition,6167238,0.0,,0.005296,7978.3
2026-04-12,Qwen/Qwen3-Embedding-0.6B,Alibaba,feature-extraction,6081757,0.0002,,0.005223,19492.8
2026-04-12,google/vit-base-patch16-224-in21k,Google,image-feature-extraction,6032203,0.0001,,0.00518,4018.8
2026-04-12,openai/gpt-oss-20b,OpenAI,text-generation,5952491,0.0008,,0.005112,23810.0
2026-04-12,moonshotai/Kimi-K2.5,Community,image-text-to-text,5951012,0.0004,,0.005111,59510.1
2026-04-12,jonatasgrosman/wav2vec2-large-xlsr-53-russian,Community,automatic-speech-recognition,5896981,0.0,,0.005064,3928.7
2026-04-12,Qwen/Qwen2.5-0.5B-Instruct,Alibaba,text-generation,5490575,0.0001,,0.004715,9598.9
2026-04-12,Qwen/Qwen3.5-9B,Alibaba,image-text-to-text,5395403,0.0002,,0.004634,125474.5
2026-04-12,meta-llama/Llama-3.2-3B-Instruct,Meta,text-generation,5336740,0.0004,,0.004583,9362.7
2026-04-12,intfloat/multilingual-e5-large,Community,feature-extraction,5194125,0.0002,,0.004461,5112.3
2026-04-12,jonatasgrosman/wav2vec2-large-xlsr-53-portuguese,Community,automatic-speech-recognition,5163622,0.0,,0.004435,3440.1
2026-04-12,openai/whisper-large-v3,OpenAI,automatic-speech-recognition,4779386,0.0012,,0.004105,5394.3
2026-04-12,timm/vit_base_patch14_dinov2.lvd142m,Hugging Face,image-feature-extraction,4630857,0.0,,0.003977,4336.0
2026-04-12,ProsusAI/finbert,Community,text-classification,4601381,0.0002,,0.003952,3065.5
2026-04-12,google/vit-base-patch16-224,Google,image-classification,4513759,0.0002,,0.003876,3007.2
2026-04-12,google-bert/bert-base-multilingual-uncased,Google,fill-mask,4456031,0.0,,0.003827,2968.7
2026-04-12,usyd-community/vitpose-plus-base,Community,keypoint-detection,4444511,0.0,,0.003817,9704.2
2026-04-12,dphn/dolphin-2.9.1-yi-1.5-34b,Community,text-generation,4425207,0.0,,0.0038,6385.6
2026-04-12,Qwen/Qwen2.5-VL-7B-Instruct,Alibaba,image-text-to-text,4341837,0.0003,,0.003729,9867.8
2026-04-12,google-bert/bert-base-cased,Google,fill-mask,4321916,0.0001,,0.003712,2879.4
2026-04-12,Qwen/Qwen3-VL-8B-Instruct,Alibaba,image-text-to-text,4303643,0.0002,,0.003696,23646.4
2026-04-12,meta-llama/Llama-3.2-1B-Instruct,Meta,text-generation,4183435,0.0003,,0.003593,7339.4
2026-04-12,sentence-transformers/paraphrase-multilingual-mpnet-base-v2,Sentence Transformers,sentence-similarity,4160166,0.0001,,0.003573,2771.6
2026-04-12,Comfy-Org/Wan_2.1_ComfyUI_repackaged,Community,unknown,4155768,0.0002,,0.003569,10136.0
2026-04-12,MahmoudAshraf/mms-300m-1130-forced-aligner,Community,automatic-speech-recognition,4125794,0.0,,0.003543,5819.2
2026-04-12,Qwen/Qwen3-VL-30B-A3B-Instruct,Alibaba,image-text-to-text,4125007,0.0001,,0.003543,21373.1
2026-04-12,Qwen/Qwen2.5-32B-Instruct,Alibaba,text-generation,4108805,0.0001,,0.003529,7195.8
2026-04-12,intfloat/multilingual-e5-small,Community,sentence-similarity,4050592,0.0001,,0.003479,3986.8
2026-04-12,nomic-ai/nomic-embed-text-v1,Community,sentence-similarity,3900253,0.0001,,0.00335,4869.2
2026-04-12,mixedbread-ai/mxbai-embed-large-v1,Community,feature-extraction,3819034,0.0002,,0.00328,4992.2
2026-04-12,jonatasgrosman/wav2vec2-large-xlsr-53-chinese-zh-cn,Community,automatic-speech-recognition,3751983,0.0,,0.003222,2499.7
2026-04-12,facebook/esmfold_v1,Meta,unknown,3621397,0.0,,0.00311,2881.0
2026-04-12,Qwen/Qwen3.5-35B-A3B,Alibaba,image-text-to-text,3561630,0.0004,,0.003059,77426.7
2026-04-12,deepseek-ai/DeepSeek-R1,DeepSeek,text-generation,3484277,0.0038,,0.002992,7812.3
2026-04-12,openai/gpt-oss-120b,OpenAI,text-generation,3433360,0.0014,,0.002949,13733.4
2026-04-12,google-bert/bert-base-multilingual-cased,Google,fill-mask,3411285,0.0002,,0.00293,2272.7
2026-04-12,sentence-transformers/paraphrase-MiniLM-L6-v2,Sentence Transformers,sentence-similarity,3406541,0.0,,0.002926,2269.5
2026-04-12,cardiffnlp/twitter-roberta-base-sentiment-latest,Community,text-classification,3355731,0.0002,,0.002882,2255.2
2026-04-12,sentence-transformers/all-MiniLM-L12-v2,Sentence Transformers,sentence-similarity,3233501,0.0001,,0.002777,2154.2
2026-04-12,OneThink/OneThinker-SFT-Qwen3-8B,Community,any-to-any,3169605,0.0,,0.002722,24195.5
2026-04-12,meta-llama/Meta-Llama-3-8B,Meta,text-generation,3143751,0.0021,,0.0027,4342.2
2026-04-12,google-bert/bert-base-chinese,Google,fill-mask,3129353,0.0005,,0.002687,2084.8
2026-04-11,sentence-transformers/all-MiniLM-L6-v2,Sentence Transformers,sentence-similarity,195486590,0.0,,0.167365,130324.4
2026-04-11,google-bert/bert-base-uncased,Google,fill-mask,66735744,0.0,,0.057136,44490.5
2026-04-11,google/electra-base-discriminator,Google,unknown,48673892,0.0,,0.041672,32449.3
2026-04-11,Falconsai/nsfw_image_detection,Community,image-classification,37915338,0.0,,0.032461,41665.2
2026-04-11,sentence-transformers/all-mpnet-base-v2,Sentence Transformers,sentence-similarity,30081204,0.0,,0.025754,20054.1
2026-04-11,sentence-transformers/paraphrase-multilingual-MiniLM-L12-v2,Sentence Transformers,sentence-similarity,29613419,0.0,,0.025353,19742.3
2026-04-11,openai/clip-vit-large-patch14,OpenAI,zero-shot-image-classification,29520723,0.0001,,0.025274,19680.5
2026-04-11,openai/clip-vit-base-patch32,OpenAI,zero-shot-image-classification,20806605,0.0,,0.017813,13871.1
2026-04-11,FacebookAI/roberta-large,Meta,fill-mask,20693013,0.0,,0.017716,13795.3
2026-04-11,laion/clap-htsat-fused,Community,audio-classification,19267851,0.0,,0.016496,16769.2
2026-04-11,FacebookAI/xlm-roberta-base,Meta,fill-mask,19155354,0.0,,0.0164,12770.2
2026-04-11,cross-encoder/ms-marco-MiniLM-L6-v2,Sentence Transformers,text-ranking,18206110,0.0,,0.015587,12137.4
2026-04-11,BAAI/bge-small-en-v1.5,BAAI,feature-extraction,17000588,0.0,,0.014555,18066.5
2026-04-11,openai/clip-vit-large-patch14-336,OpenAI,zero-shot-image-classification,16533672,0.0,,0.014155,11410.4
2026-04-11,Bingsu/adetailer,Community,unknown,15353659,0.0,,0.013145,14216.4
2026-04-11,Qwen/Qwen3-0.6B,Alibaba,text-generation,15333318,0.0001,,0.013128,44061.3
2026-04-11,colbert-ir/colbertv2.0,Community,unknown,15304622,0.0,,0.013103,15034.0
2026-04-11,FacebookAI/roberta-base,Meta,fill-mask,15276125,0.0,,0.013079,10184.1
2026-04-11,BAAI/bge-m3,BAAI,sentence-similarity,15270089,0.0002,,0.013073,18992.6
2026-04-11,timm/mobilenetv3_small_100.lamb_in1k,Hugging Face,image-classification,14849735,0.0,,0.012714,12262.4
2026-04-11,amazon/chronos-2,Amazon,time-series-forecasting,14123105,0.0,,0.012091,87179.7
2026-04-11,openai-community/gpt2,OpenAI,text-generation,13693397,0.0002,,0.011724,9128.9
2026-04-11,Qwen/Qwen2.5-7B-Instruct,Alibaba,text-generation,12347561,0.0001,,0.010571,21624.5
2026-04-11,pyannote/wespeaker-voxceleb-resnet34-LM,Community,unknown,11907659,0.0,,0.010195,13546.8
2026-04-11,pyannote/segmentation-3.0,Community,voice-activity-detection,11019055,0.0001,,0.009434,11835.7
2026-04-11,nomic-ai/nomic-embed-text-v1.5,Community,sentence-similarity,10919520,0.0001,,0.009349,13822.2
2026-04-11,pyannote/speaker-diarization-3.1,Community,automatic-speech-recognition,10833569,0.0002,,0.009275,12367.1
2026-04-11,omni-research/Tarsier2-Recap-7b,Community,unknown,10627649,0.0,,0.009099,25124.5
2026-04-11,autogluon/chronos-bolt-small,Amazon,time-series-forecasting,10318336,0.0,,0.008834,20113.7
2026-04-11,Qwen/Qwen2.5-1.5B-Instruct,Alibaba,text-generation,9951322,0.0001,,0.00852,17458.5
2026-04-11,hexgrad/Kokoro-82M,Community,text-to-speech,9768393,0.0006,,0.008363,20783.8
2026-04-11,meta-llama/Llama-3.1-8B-Instruct,Meta,text-generation,9287740,0.0006,,0.007952,14719.1
2026-04-11,autogluon/chronos-2,Amazon,time-series-forecasting,9184317,0.0,,0.007863,49378.0
2026-04-11,Qwen/Qwen2.5-3B-Instruct,Alibaba,text-generation,8736819,0.0001,,0.00748,15327.8
2026-04-11,Qwen/Qwen3-8B,Alibaba,text-generation,8244477,0.0001,,0.007058,23691.0
2026-04-11,Qwen/Qwen3-4B,Alibaba,text-generation,8205184,0.0001,,0.007025,23578.1
2026-04-11,Qwen/Qwen3-1.7B,Alibaba,text-generation,8139903,0.0001,,0.006969,23390.5
2026-04-11,BAAI/bge-large-en-v1.5,BAAI,feature-extraction,7942060,0.0001,,0.0068,8440.0
2026-04-11,distilbert/distilbert-base-uncased,Hugging Face,fill-mask,7762919,0.0001,,0.006646,5175.3
2026-04-11,Marqo/nsfw-image-detection-384,Community,image-classification,7758831,0.0,,0.006643,15333.7
2026-04-11,Kijai/WanVideo_comfy,Community,unknown,7376283,0.0003,,0.006315,18034.9
2026-04-11,facebook/contriever,Meta,unknown,7353493,0.0,,0.006296,4902.3
2026-04-11,Qwen/Qwen3-4B-Instruct-2507,Alibaba,text-generation,7230194,0.0001,,0.00619,29154.0
2026-04-11,answerdotai/ModernBERT-base,Community,fill-mask,7194898,0.0001,,0.00616,14834.8
2026-04-11,Comfy-Org/Wan_2.2_ComfyUI_Repackaged,Community,unknown,6879141,0.0001,,0.00589,26767.1
2026-04-11,dima806/fairface_age_image_detection,Community,image-classification,6852865,0.0,,0.005867,13985.4
2026-04-11,amazon/chronos-bolt-base,Amazon,time-series-forecasting,6809120,0.0,,0.00583,13591.1
2026-04-11,FacebookAI/xlm-roberta-large,Meta,fill-mask,6698265,0.0001,,0.005735,4465.5
2026-04-11,lpiccinelli/unidepth-v2-vitl14,Community,unknown,6667866,0.0,,0.005709,9996.8
2026-04-11,facebook/opt-125m,Meta,text-generation,6559575,0.0,,0.005616,4587.1
2026-04-11,apple/DFN5B-CLIP-ViT-H-14-378,Community,unknown,6558424,0.0,,0.005615,7344.3
2026-04-11,trl-internal-testing/tiny-Qwen2ForCausalLM-2.5,Community,text-generation,6505178,0.0,,0.005569,12984.4
2026-04-11,Qwen/Qwen2.5-VL-3B-Instruct,Alibaba,image-text-to-text,6504717,0.0001,,0.005569,14817.1
2026-04-11,openai/whisper-large-v3-turbo,OpenAI,automatic-speech-recognition,6379707,0.0005,,0.005462,11474.3
2026-04-11,BAAI/bge-base-en-v1.5,BAAI,feature-extraction,6250236,0.0001,,0.005351,6635.1
2026-04-11,coqui/XTTS-v2,Community,text-to-speech,6238469,0.0006,,0.005341,6993.8
2026-04-11,BAAI/bge-reranker-v2-m3,BAAI,text-classification,6184517,0.0002,,0.005295,8180.6
2026-04-11,google/vit-base-patch16-224-in21k,Google,image-feature-extraction,6099970,0.0001,,0.005222,4066.6
2026-04-11,Qwen/Qwen3-Embedding-0.6B,Alibaba,feature-extraction,6093475,0.0002,,0.005217,19593.2
2026-04-11,jonatasgrosman/wav2vec2-large-xlsr-53-russian,Community,automatic-speech-recognition,6080099,0.0,,0.005205,4053.4
2026-04-11,zai-org/GLM-OCR,Community,image-to-text,6018649,0.0003,,0.005153,85980.7
2026-04-11,argmaxinc/whisperkit-coreml,Community,automatic-speech-recognition,6008286,0.0,,0.005144,7782.8
2026-04-11,moonshotai/Kimi-K2.5,Community,image-text-to-text,5975383,0.0004,,0.005116,60357.4
2026-04-11,openai/gpt-oss-20b,OpenAI,text-generation,5924012,0.0008,,0.005072,23791.2
2026-04-11,meta-llama/Llama-3.2-3B-Instruct,Meta,text-generation,5708713,0.0004,,0.004887,10032.9
2026-04-11,Qwen/Qwen2.5-0.5B-Instruct,Alibaba,text-generation,5441109,0.0001,,0.004658,9529.1
2026-04-11,jonatasgrosman/wav2vec2-large-xlsr-53-portuguese,Community,automatic-speech-recognition,5346770,0.0,,0.004578,3564.5
2026-04-11,Qwen/Qwen3.5-9B,Alibaba,image-text-to-text,5239835,0.0002,,0.004486,124758.0
2026-04-11,intfloat/multilingual-e5-large,Community,feature-extraction,5144307,0.0002,,0.004404,5068.3
2026-04-11,ProsusAI/finbert,Community,text-classification,4792198,0.0002,,0.004103,3194.8
2026-04-11,openai/whisper-large-v3,OpenAI,automatic-speech-recognition,4781593,0.0012,,0.004094,5402.9
2026-04-11,google/vit-base-patch16-224,Google,image-classification,4502631,0.0002,,0.003855,3001.8
2026-04-11,google-bert/bert-base-multilingual-uncased,Google,fill-mask,4485773,0.0,,0.00384,2990.5
2026-04-11,google-bert/bert-base-cased,Google,fill-mask,4430275,0.0001,,0.003793,2953.5
2026-04-11,dphn/dolphin-2.9.1-yi-1.5-34b,Community,text-generation,4420090,0.0,,0.003784,6387.4
2026-04-11,Qwen/Qwen3-VL-8B-Instruct,Alibaba,image-text-to-text,4378997,0.0002,,0.003749,24193.4
2026-04-11,timm/vit_base_patch14_dinov2.lvd142m,Hugging Face,image-feature-extraction,4354094,0.0,,0.003728,4080.7
2026-04-11,Qwen/Qwen2.5-VL-7B-Instruct,Alibaba,image-text-to-text,4341895,0.0003,,0.003717,9890.4
2026-04-11,meta-llama/Llama-3.2-1B-Instruct,Meta,text-generation,4237785,0.0003,,0.003628,7447.8
2026-04-11,sentence-transformers/paraphrase-multilingual-mpnet-base-v2,Sentence Transformers,sentence-similarity,4216231,0.0001,,0.00361,2810.8
2026-04-11,MahmoudAshraf/mms-300m-1130-forced-aligner,Community,automatic-speech-recognition,4202844,0.0,,0.003598,5936.2
2026-04-11,Comfy-Org/Wan_2.1_ComfyUI_repackaged,Community,unknown,4165920,0.0002,,0.003567,10185.6
2026-04-11,Qwen/Qwen3-VL-30B-A3B-Instruct,Alibaba,image-text-to-text,4161826,0.0001,,0.003563,21676.2
2026-04-11,usyd-community/vitpose-plus-base,Community,keypoint-detection,4157977,0.0,,0.00356,9098.4
2026-04-11,Qwen/Qwen2.5-32B-Instruct,Alibaba,text-generation,4134032,0.0001,,0.003539,7252.7
2026-04-11,intfloat/multilingual-e5-small,Community,sentence-similarity,4038429,0.0001,,0.003457,3978.7
2026-04-11,jonatasgrosman/wav2vec2-large-xlsr-53-chinese-zh-cn,Community,automatic-speech-recognition,4010999,0.0,,0.003434,2674.0
2026-04-11,nomic-ai/nomic-embed-text-v1,Community,sentence-similarity,3767478,0.0001,,0.003226,4709.3
2026-04-11,mixedbread-ai/mxbai-embed-large-v1,Community,feature-extraction,3731429,0.0002,,0.003195,4884.1
2026-04-11,sentence-transformers/paraphrase-MiniLM-L6-v2,Sentence Transformers,sentence-similarity,3661347,0.0,,0.003135,2440.9
2026-04-11,facebook/esmfold_v1,Meta,unknown,3601540,0.0,,0.003083,2867.5
2026-04-11,Qwen/Qwen3.5-35B-A3B,Alibaba,image-text-to-text,3530578,0.0004,,0.003023,78457.3
2026-04-11,openai/gpt-oss-120b,OpenAI,text-generation,3481152,0.0013,,0.00298,13980.5
2026-04-11,cardiffnlp/twitter-roberta-base-sentiment-latest,Community,text-classification,3470144,0.0002,,0.002971,2333.7
2026-04-11,deepseek-ai/DeepSeek-R1,DeepSeek,text-generation,3461943,0.0038,,0.002964,7779.6
2026-04-11,google-bert/bert-base-multilingual-cased,Google,fill-mask,3435198,0.0002,,0.002941,2290.1
2026-04-11,sentence-transformers/all-MiniLM-L12-v2,Sentence Transformers,sentence-similarity,3302069,0.0001,,0.002827,2201.4
2026-04-11,google-bert/bert-base-chinese,Google,fill-mask,3234075,0.0004,,0.002769,2156.1
2026-04-11,meta-llama/Meta-Llama-3-8B,Meta,text-generation,3186704,0.002,,0.002728,4407.6
2026-04-11,OneThink/OneThinker-SFT-Qwen3-8B,Community,any-to-any,3175010,0.0,,0.002718,24423.2
2026-04-10,sentence-transformers/all-MiniLM-L6-v2,Sentence Transformers,sentence-similarity,194504137,0.0,,0.167862,129755.9
2026-04-10,google-bert/bert-base-uncased,Google,fill-mask,66872132,0.0,,0.057712,44611.2
2026-04-10,google/electra-base-discriminator,Google,unknown,48518518,0.0,,0.041873,32367.3
2026-04-10,Falconsai/nsfw_image_detection,Community,image-classification,37968104,0.0,,0.032767,41769.1
2026-04-10,sentence-transformers/all-mpnet-base-v2,Sentence Transformers,sentence-similarity,29616352,0.0,,0.02556,19757.4
2026-04-10,openai/clip-vit-large-patch14,OpenAI,zero-shot-image-classification,29402065,0.0001,,0.025375,19614.5
2026-04-10,sentence-transformers/paraphrase-multilingual-MiniLM-L12-v2,Sentence Transformers,sentence-similarity,28989731,0.0,,0.025019,19339.4
2026-04-10,openai/clip-vit-base-patch32,OpenAI,zero-shot-image-classification,20738321,0.0,,0.017898,13834.8
2026-04-10,FacebookAI/roberta-large,Meta,fill-mask,20428795,0.0,,0.017631,13628.3
2026-04-10,FacebookAI/xlm-roberta-base,Meta,fill-mask,19185606,0.0,,0.016558,12798.9
2026-04-10,laion/clap-htsat-fused,Community,audio-classification,19125301,0.0,,0.016506,16659.7
2026-04-10,cross-encoder/ms-marco-MiniLM-L6-v2,Sentence Transformers,text-ranking,17230680,0.0,,0.014871,11494.8
2026-04-10,BAAI/bge-small-en-v1.5,BAAI,feature-extraction,16375859,0.0,,0.014133,17421.1
2026-04-10,openai/clip-vit-large-patch14-336,OpenAI,zero-shot-image-classification,15708322,0.0,,0.013557,10848.3
2026-04-10,Bingsu/adetailer,Community,unknown,15447493,0.0,,0.013332,14316.5
2026-04-10,FacebookAI/roberta-base,Meta,fill-mask,15384150,0.0,,0.013277,10262.9
2026-04-10,colbert-ir/colbertv2.0,Community,unknown,15383631,0.0,,0.013276,15126.5
2026-04-10,Qwen/Qwen3-0.6B,Alibaba,text-generation,15101523,0.0001,,0.013033,43520.2
2026-04-10,BAAI/bge-m3,BAAI,sentence-similarity,15082193,0.0002,,0.013016,18782.3
2026-04-10,timm/mobilenetv3_small_100.lamb_in1k,Hugging Face,image-classification,14678825,0.0,,0.012668,12131.3
2026-04-10,amazon/chronos-2,Amazon,time-series-forecasting,13963080,0.0,,0.012051,86727.2
2026-04-10,openai-community/gpt2,OpenAI,text-generation,13521727,0.0002,,0.01167,9020.5
2026-04-10,Qwen/Qwen2.5-7B-Instruct,Alibaba,text-generation,12111952,0.0001,,0.010453,21249.0
2026-04-10,pyannote/wespeaker-voxceleb-resnet34-LM,Community,unknown,11945522,0.0,,0.010309,13605.4
2026-04-10,pyannote/segmentation-3.0,Community,voice-activity-detection,11077399,0.0001,,0.00956,11911.2
2026-04-10,pyannote/speaker-diarization-3.1,Community,automatic-speech-recognition,10906588,0.0002,,0.009413,12464.7
2026-04-10,nomic-ai/nomic-embed-text-v1.5,Community,sentence-similarity,10616366,0.0001,,0.009162,13455.5
2026-04-10,omni-research/Tarsier2-Recap-7b,Community,unknown,10424091,0.0,,0.008996,24701.6
2026-04-10,autogluon/chronos-bolt-small,Amazon,time-series-forecasting,10236709,0.0,,0.008835,19993.6
2026-04-10,Qwen/Qwen2.5-1.5B-Instruct,Alibaba,text-generation,9922750,0.0001,,0.008564,17438.9
2026-04-10,hexgrad/Kokoro-82M,Community,text-to-speech,9728735,0.0006,,0.008396,20743.6
2026-04-10,meta-llama/Llama-3.1-8B-Instruct,Meta,text-generation,9196892,0.0006,,0.007937,14598.2
2026-04-10,autogluon/chronos-2,Amazon,time-series-forecasting,9162047,0.0,,0.007907,49524.6
2026-04-10,Qwen/Qwen2.5-3B-Instruct,Alibaba,text-generation,8679038,0.0001,,0.00749,15253.1
2026-04-10,Qwen/Qwen3-8B,Alibaba,text-generation,8366071,0.0001,,0.00722,24109.7
2026-04-10,Qwen/Qwen3-4B,Alibaba,text-generation,8255392,0.0001,,0.007125,23790.8
2026-04-10,Qwen/Qwen3-1.7B,Alibaba,text-generation,8194168,0.0001,,0.007072,23614.3
2026-04-10,Marqo/nsfw-image-detection-384,Community,image-classification,7885546,0.0,,0.006805,15614.9
2026-04-10,distilbert/distilbert-base-uncased,Hugging Face,fill-mask,7745707,0.0001,,0.006685,5167.2
2026-04-10,BAAI/bge-large-en-v1.5,BAAI,feature-extraction,7570795,0.0001,,0.006534,8054.0
2026-04-10,Kijai/WanVideo_comfy,Community,unknown,7415388,0.0003,,0.0064,18175.0
2026-04-10,Qwen/Qwen3-4B-Instruct-2507,Alibaba,text-generation,7359404,0.0001,,0.006351,29795.2
2026-04-10,facebook/contriever,Meta,unknown,7296114,0.0,,0.006297,4867.3
2026-04-10,answerdotai/ModernBERT-base,Community,fill-mask,7201565,0.0001,,0.006215,14879.3
2026-04-10,Comfy-Org/Wan_2.2_ComfyUI_Repackaged,Community,unknown,6919345,0.0001,,0.005972,27028.7
2026-04-10,lpiccinelli/unidepth-v2-vitl14,Community,unknown,6886202,0.0,,0.005943,10339.6
2026-04-10,dima806/fairface_age_image_detection,Community,image-classification,6858091,0.0,,0.005919,14024.7
2026-04-10,amazon/chronos-bolt-base,Amazon,time-series-forecasting,6774805,0.0,,0.005847,13549.6
2026-04-10,FacebookAI/xlm-roberta-large,Meta,fill-mask,6667591,0.0001,,0.0057540000000000004,4448.0
2026-04-10,facebook/opt-125m,Meta,text-generation,6544170,0.0,,0.005648,4579.5
2026-04-10,Qwen/Qwen2.5-VL-3B-Instruct,Alibaba,image-text-to-text,6436254,0.0001,,0.005555,14694.6
2026-04-10,jonatasgrosman/wav2vec2-large-xlsr-53-russian,Community,automatic-speech-recognition,6188354,0.0,,0.005341,4128.3
2026-04-10,coqui/XTTS-v2,Community,text-to-speech,6181730,0.0006,,0.005335,6938.0
2026-04-10,trl-internal-testing/tiny-Qwen2ForCausalLM-2.5,Community,text-generation,6166457,0.0,,0.005322,12332.9
2026-04-10,google/vit-base-patch16-224-in21k,Google,image-feature-extraction,6140702,0.0001,,0.0053,4096.5
2026-04-10,BAAI/bge-base-en-v1.5,BAAI,feature-extraction,6132365,0.0001,,0.005292,6516.9
2026-04-10,openai/whisper-large-v3-turbo,OpenAI,automatic-speech-recognition,6100143,0.0005,,0.005265,10991.2
2026-04-10,Qwen/Qwen3-Embedding-0.6B,Alibaba,feature-extraction,6044098,0.0002,,0.005216,19497.1
2026-04-10,moonshotai/Kimi-K2.5,Community,image-text-to-text,5995570,0.0004,,0.005174,61179.3
2026-04-10,BAAI/bge-reranker-v2-m3,BAAI,text-classification,5980784,0.0002,,0.005162,7921.6
2026-04-10,argmaxinc/whisperkit-coreml,Community,automatic-speech-recognition,5956943,0.0,,0.005141,7726.3
2026-04-10,openai/gpt-oss-20b,OpenAI,text-generation,5856294,0.0008,,0.005054,23614.1
2026-04-10,zai-org/GLM-OCR,Community,image-to-text,5832345,0.0003,,0.005033,84526.7
2026-04-10,meta-llama/Llama-3.2-3B-Instruct,Meta,text-generation,5755922,0.0004,,0.004968,10133.7
2026-04-10,jonatasgrosman/wav2vec2-large-xlsr-53-portuguese,Community,automatic-speech-recognition,5446104,0.0,,0.0047,3633.2
2026-04-10,Qwen/Qwen2.5-0.5B-Instruct,Alibaba,text-generation,5357071,0.0001,,0.004623,9398.4
2026-04-10,intfloat/multilingual-e5-large,Community,feature-extraction,5137270,0.0002,,0.004434,5066.3
2026-04-10,Qwen/Qwen3.5-9B,Alibaba,image-text-to-text,5080252,0.0002,,0.004384,123908.6
2026-04-10,apple/DFN5B-CLIP-ViT-H-14-378,Community,unknown,5041306,0.0,,0.004351,5651.7
2026-04-10,ProsusAI/finbert,Community,text-classification,4836101,0.0002,,0.004174,3226.2
2026-04-10,openai/whisper-large-v3,OpenAI,automatic-speech-recognition,4760728,0.0012,,0.004109,5385.4
2026-04-10,google-bert/bert-base-multilingual-uncased,Google,fill-mask,4482026,0.0,,0.003868,2990.0
2026-04-10,google-bert/bert-base-cased,Google,fill-mask,4475106,0.0001,,0.003862,2985.4
2026-04-10,google/vit-base-patch16-224,Google,image-classification,4465880,0.0002,,0.003854,2979.2
2026-04-10,dphn/dolphin-2.9.1-yi-1.5-34b,Community,text-generation,4396553,0.0,,0.003794,6362.6
2026-04-10,Qwen/Qwen3-VL-8B-Instruct,Alibaba,image-text-to-text,4390121,0.0002,,0.003789,24389.6
2026-04-10,timm/vit_base_patch14_dinov2.lvd142m,Hugging Face,image-feature-extraction,4328105,0.0,,0.003735,4060.1
2026-04-10,Qwen/Qwen2.5-VL-7B-Instruct,Alibaba,image-text-to-text,4289288,0.0003,,0.003702,9792.9
2026-04-10,sentence-transformers/paraphrase-multilingual-mpnet-base-v2,Sentence Transformers,sentence-similarity,4283893,0.0001,,0.003697,2857.8
2026-04-10,MahmoudAshraf/mms-300m-1130-forced-aligner,Community,automatic-speech-recognition,4217790,0.0,,0.00364,5965.8
2026-04-10,jonatasgrosman/wav2vec2-large-xlsr-53-chinese-zh-cn,Community,automatic-speech-recognition,4194446,0.0,,0.00362,2798.2
2026-04-10,Qwen/Qwen3-VL-30B-A3B-Instruct,Alibaba,image-text-to-text,4186012,0.0001,,0.003613,21916.3
2026-04-10,Comfy-Org/Wan_2.1_ComfyUI_repackaged,Community,unknown,4182775,0.0002,,0.00361,10251.9
2026-04-10,meta-llama/Llama-3.2-1B-Instruct,Meta,text-generation,4172246,0.0003,,0.003601,7345.5
2026-04-10,Qwen/Qwen2.5-32B-Instruct,Alibaba,text-generation,4140117,0.0001,,0.003573,7276.1
2026-04-10,usyd-community/vitpose-plus-base,Community,keypoint-detection,4048671,0.0,,0.003494,8878.7
2026-04-10,intfloat/multilingual-e5-small,Community,sentence-similarity,4004090,0.0001,,0.003456,3948.8
2026-04-10,sentence-transformers/paraphrase-MiniLM-L6-v2,Sentence Transformers,sentence-similarity,3716629,0.0,,0.003208,2479.4
2026-04-10,mixedbread-ai/mxbai-embed-large-v1,Community,feature-extraction,3615534,0.0002,,0.00312,4738.6
2026-04-10,nomic-ai/nomic-embed-text-v1,Community,sentence-similarity,3602951,0.0002,,0.003109,4509.3
2026-04-10,facebook/esmfold_v1,Meta,unknown,3523510,0.0,,0.003041,2807.6
2026-04-10,openai/gpt-oss-120b,OpenAI,text-generation,3523185,0.0013,,0.003041,14206.4
2026-04-10,google-bert/bert-base-multilingual-cased,Google,fill-mask,3515511,0.0002,,0.003034,2345.2
2026-04-10,cardiffnlp/twitter-roberta-base-sentiment-latest,Community,text-classification,3480169,0.0002,,0.003003,2342.0
2026-04-10,Qwen/Qwen3.5-35B-A3B,Alibaba,image-text-to-text,3462269,0.0004,,0.002988,78687.9
2026-04-10,sentence-transformers/all-MiniLM-L12-v2,Sentence Transformers,sentence-similarity,3359818,0.0001,,0.0029,2241.4
2026-04-10,google-bert/bert-base-chinese,Google,fill-mask,3347154,0.0004,,0.002889,2232.9
2026-04-10,deepseek-ai/DeepSeek-R1,DeepSeek,text-generation,3341628,0.0039,,0.002884,7526.2
2026-04-10,Qwen/Qwen3-32B,Alibaba,text-generation,3185298,0.0002,,0.002749,9179.5
2026-04-10,OneThink/OneThinker-SFT-Qwen3-8B,Community,any-to-any,3181274,0.0,,0.002746,24661.0
2026-04-09,sentence-transformers/all-MiniLM-L6-v2,Sentence Transformers,sentence-similarity,194794489,0.0,,0.168682,130036.4
2026-04-09,google-bert/bert-base-uncased,Google,fill-mask,67627896,0.0,,0.058562,45145.5
2026-04-09,google/electra-base-discriminator,Google,unknown,48676934,0.0,,0.042152,32494.6
2026-04-09,Falconsai/nsfw_image_detection,Community,image-classification,38057004,0.0,,0.032955,41913.0
2026-04-09,sentence-transformers/all-mpnet-base-v2,Sentence Transformers,sentence-similarity,29342528,0.0,,0.025409,19587.8
2026-04-09,openai/clip-vit-large-patch14,OpenAI,zero-shot-image-classification,29169880,0.0001,,0.02526,19472.6
2026-04-09,sentence-transformers/paraphrase-multilingual-MiniLM-L12-v2,Sentence Transformers,sentence-similarity,28552443,0.0,,0.024725,19060.4
2026-04-09,openai/clip-vit-base-patch32,OpenAI,zero-shot-image-classification,20690471,0.0,,0.017917,13812.1
2026-04-09,FacebookAI/roberta-large,Meta,fill-mask,20200655,0.0,,0.017493,13485.1
2026-04-09,laion/clap-htsat-fused,Community,audio-classification,19699862,0.0,,0.017059,17175.1
2026-04-09,FacebookAI/xlm-roberta-base,Meta,fill-mask,19317602,0.0,,0.016728,12895.6
2026-04-09,cross-encoder/ms-marco-MiniLM-L6-v2,Sentence Transformers,text-ranking,16556072,0.0,,0.014337,11052.1
2026-04-09,BAAI/bge-small-en-v1.5,BAAI,feature-extraction,15874573,0.0,,0.013747,16905.8
2026-04-09,Bingsu/adetailer,Community,unknown,15633069,0.0,,0.013537,14501.9
2026-04-09,colbert-ir/colbertv2.0,Community,unknown,15425082,0.0,,0.013357,15182.2
2026-04-09,FacebookAI/roberta-base,Meta,fill-mask,15326801,0.0,,0.013272,10231.5
2026-04-09,BAAI/bge-m3,BAAI,sentence-similarity,15036876,0.0002,,0.013021,18749.2
2026-04-09,Qwen/Qwen3-0.6B,Alibaba,text-generation,14909614,0.0001,,0.012911,43091.4
2026-04-09,openai/clip-vit-large-patch14-336,OpenAI,zero-shot-image-classification,14892517,0.0,,0.012896,10292.0
2026-04-09,timm/mobilenetv3_small_100.lamb_in1k,Hugging Face,image-classification,14647400,0.0,,0.012684,12115.3
2026-04-09,amazon/chronos-2,Amazon,time-series-forecasting,13582198,0.0,,0.011761,84888.7
2026-04-09,openai-community/gpt2,OpenAI,text-generation,13454875,0.0002,,0.011651,8981.9
2026-04-09,Qwen/Qwen2.5-7B-Instruct,Alibaba,text-generation,12602900,0.0001,,0.010913,22149.2
2026-04-09,pyannote/wespeaker-voxceleb-resnet34-LM,Community,unknown,11958884,0.0,,0.010356,13636.1
2026-04-09,pyannote/segmentation-3.0,Community,voice-activity-detection,11128609,0.0001,,0.009637,11979.1
2026-04-09,pyannote/speaker-diarization-3.1,Community,automatic-speech-recognition,10925278,0.0002,,0.009461,12500.3
2026-04-09,nomic-ai/nomic-embed-text-v1.5,Community,sentence-similarity,10666291,0.0001,,0.009236,13535.9
2026-04-09,omni-research/Tarsier2-Recap-7b,Community,unknown,10598417,0.0,,0.009178,25174.4
2026-04-09,autogluon/chronos-bolt-small,Amazon,time-series-forecasting,10219206,0.0,,0.008849,19998.4
2026-04-09,hexgrad/Kokoro-82M,Community,text-to-speech,9771415,0.0006,,0.008462,20879.1
2026-04-09,Qwen/Qwen2.5-1.5B-Instruct,Alibaba,text-generation,9536454,0.0001,,0.008258,16789.5
2026-04-09,autogluon/chronos-2,Amazon,time-series-forecasting,9181033,0.0,,0.00795,49896.9
2026-04-09,meta-llama/Llama-3.1-8B-Instruct,Meta,text-generation,8906869,0.0006,,0.007713,14160.4
2026-04-09,Qwen/Qwen3-8B,Alibaba,text-generation,8775938,0.0001,,0.0076,25364.0
2026-04-09,Qwen/Qwen3-4B,Alibaba,text-generation,8289135,0.0001,,0.007178,23957.0
2026-04-09,Qwen/Qwen3-1.7B,Alibaba,text-generation,8177214,0.0001,,0.007081,23633.6
2026-04-09,Qwen/Qwen2.5-3B-Instruct,Alibaba,text-generation,8157699,0.0001,,0.007064,14362.1
2026-04-09,Marqo/nsfw-image-detection-384,Community,image-classification,8016237,0.0,,0.006942,15905.2
2026-04-09,distilbert/distilbert-base-uncased,Hugging Face,fill-mask,7699577,0.0001,,0.006667,5139.9
2026-04-09,Kijai/WanVideo_comfy,Community,unknown,7482173,0.0003,,0.006479,18383.7
2026-04-09,Qwen/Qwen3-4B-Instruct-2507,Alibaba,text-generation,7465248,0.0001,,0.006465,30346.5
2026-04-09,facebook/contriever,Meta,unknown,7280026,0.0,,0.006304,4859.8
2026-04-09,BAAI/bge-large-en-v1.5,BAAI,feature-extraction,7231203,0.0001,,0.006262,7701.0
2026-04-09,answerdotai/ModernBERT-base,Community,fill-mask,7214215,0.0001,,0.006247,14936.3
2026-04-09,lpiccinelli/unidepth-v2-vitl14,Community,unknown,7136589,0.0,,0.00618,10731.7
2026-04-09,Comfy-Org/Wan_2.2_ComfyUI_Repackaged,Community,unknown,6981487,0.0001,,0.006046,27378.4
2026-04-09,dima806/fairface_age_image_detection,Community,image-classification,6761275,0.0,,0.005855,13855.1
2026-04-09,amazon/chronos-bolt-base,Amazon,time-series-forecasting,6738109,0.0,,0.005835,13503.2
2026-04-09,FacebookAI/xlm-roberta-large,Meta,fill-mask,6603314,0.0001,,0.005718,4408.1
2026-04-09,facebook/opt-125m,Meta,text-generation,6574259,0.0,,0.005693,4603.8
2026-04-09,jonatasgrosman/wav2vec2-large-xlsr-53-russian,Community,automatic-speech-recognition,6410022,0.0,,0.005551,4279.1
2026-04-09,Qwen/Qwen2.5-VL-3B-Instruct,Alibaba,image-text-to-text,6408352,0.0001,,0.005549,14664.4
2026-04-09,coqui/XTTS-v2,Community,text-to-speech,6156958,0.0006,,0.005332,6917.9
2026-04-09,BAAI/bge-base-en-v1.5,BAAI,feature-extraction,6059864,0.0001,,0.005248,6446.7
2026-04-09,moonshotai/Kimi-K2.5,Community,image-text-to-text,6031157,0.0004,,0.005223,62176.9
2026-04-09,Qwen/Qwen3-Embedding-0.6B,Alibaba,feature-extraction,6012677,0.0002,,0.005207,19458.5
2026-04-09,argmaxinc/whisperkit-coreml,Community,automatic-speech-recognition,5918684,0.0,,0.005125,7686.6
2026-04-09,BAAI/bge-reranker-v2-m3,BAAI,text-classification,5900545,0.0002,,0.00511,7825.7
2026-04-09,trl-internal-testing/tiny-Qwen2ForCausalLM-2.5,Community,text-generation,5879524,0.0,,0.005091,11782.6
2026-04-09,meta-llama/Llama-3.2-3B-Instruct,Meta,text-generation,5858377,0.0004,,0.005073,10332.2
2026-04-09,google/vit-base-patch16-224-in21k,Google,image-feature-extraction,5842625,0.0001,,0.005059,3900.3
2026-04-09,openai/gpt-oss-20b,OpenAI,text-generation,5801451,0.0008,,0.005024,23487.7
2026-04-09,openai/whisper-large-v3-turbo,OpenAI,automatic-speech-recognition,5747459,0.0005,,0.004977,10374.5
2026-04-09,zai-org/GLM-OCR,Community,image-to-text,5640118,0.0003,,0.004884,82942.9
2026-04-09,jonatasgrosman/wav2vec2-large-xlsr-53-portuguese,Community,automatic-speech-recognition,5637450,0.0,,0.004882,3763.3
2026-04-09,Qwen/Qwen2.5-0.5B-Instruct,Alibaba,text-generation,5394668,0.0001,,0.004672,9481.0
2026-04-09,intfloat/multilingual-e5-large,Community,feature-extraction,5161562,0.0002,,0.00447,5095.3
2026-04-09,Qwen/Qwen3.5-9B,Alibaba,image-text-to-text,4962843,0.0002,,0.004298,124071.1
2026-04-09,ProsusAI/finbert,Community,text-classification,4908068,0.0002,,0.00425,3276.4
2026-04-09,openai/whisper-large-v3,OpenAI,automatic-speech-recognition,4745613,0.0012,,0.004109,5374.4
2026-04-09,jonatasgrosman/wav2vec2-large-xlsr-53-chinese-zh-cn,Community,automatic-speech-recognition,4580797,0.0,,0.003967,3057.9
2026-04-09,google-bert/bert-base-multilingual-uncased,Google,fill-mask,4508939,0.0,,0.003905,3010.0
2026-04-09,google-bert/bert-base-cased,Google,fill-mask,4473029,0.0001,,0.003873,2986.0
2026-04-09,google/vit-base-patch16-224,Google,image-classification,4451036,0.0002,,0.003854,2971.3
2026-04-09,sentence-transformers/paraphrase-multilingual-mpnet-base-v2,Sentence Transformers,sentence-similarity,4445470,0.0001,,0.00385,2967.6
2026-04-09,dphn/dolphin-2.9.1-yi-1.5-34b,Community,text-generation,4401604,0.0,,0.003812,6379.1
2026-04-09,timm/vit_base_patch14_dinov2.lvd142m,Hugging Face,image-feature-extraction,4382233,0.0,,0.003795,4114.8
2026-04-09,Qwen/Qwen3-VL-8B-Instruct,Alibaba,image-text-to-text,4375790,0.0002,,0.003789,24445.8
2026-04-09,Qwen/Qwen2.5-VL-7B-Instruct,Alibaba,image-text-to-text,4330775,0.0003,,0.00375,9910.2
2026-04-09,Qwen/Qwen3-VL-30B-A3B-Instruct,Alibaba,image-text-to-text,4289316,0.0001,,0.003714,22575.3
2026-04-09,MahmoudAshraf/mms-300m-1130-forced-aligner,Community,automatic-speech-recognition,4256461,0.0,,0.003686,6029.0
2026-04-09,Comfy-Org/Wan_2.1_ComfyUI_repackaged,Community,unknown,4211526,0.0002,,0.003647,10347.7
2026-04-09,Qwen/Qwen2.5-32B-Instruct,Alibaba,text-generation,4179626,0.0001,,0.003619,7358.5
2026-04-09,meta-llama/Llama-3.2-1B-Instruct,Meta,text-generation,4164734,0.0003,,0.003606,7345.2
2026-04-09,intfloat/multilingual-e5-small,Community,sentence-similarity,3997378,0.0001,,0.003462,3946.1
2026-04-09,usyd-community/vitpose-plus-base,Community,keypoint-detection,3881534,0.0,,0.003361,8530.8
2026-04-09,sentence-transformers/paraphrase-MiniLM-L6-v2,Sentence Transformers,sentence-similarity,3791499,0.0,,0.003283,2531.0
2026-04-09,openai/gpt-oss-120b,OpenAI,text-generation,3572271,0.0013,,0.003093,14462.6
2026-04-09,facebook/esmfold_v1,Meta,unknown,3541463,0.0,,0.003067,2824.1
2026-04-09,google-bert/bert-base-multilingual-cased,Google,fill-mask,3538835,0.0002,,0.003064,2362.4
2026-04-09,mixedbread-ai/mxbai-embed-large-v1,Community,feature-extraction,3510620,0.0002,,0.00304,4607.1
2026-04-09,nomic-ai/nomic-embed-text-v1,Community,sentence-similarity,3491276,0.0002,,0.003023,4375.0
2026-04-09,cardiffnlp/twitter-roberta-base-sentiment-latest,Community,text-classification,3467528,0.0002,,0.003003,2335.0
2026-04-09,sentence-transformers/all-MiniLM-L12-v2,Sentence Transformers,sentence-similarity,3413879,0.0001,,0.002956,2279.0
2026-04-09,Qwen/Qwen3.5-35B-A3B,Alibaba,image-text-to-text,3409579,0.0004,,0.002953,79292.5
2026-04-09,google-bert/bert-base-chinese,Google,fill-mask,3353621,0.0004,,0.002904,2238.7
2026-04-09,Qwen/Qwen3-32B,Alibaba,text-generation,3215878,0.0002,,0.002785,9294.4
2026-04-09,deepseek-ai/DeepSeek-R1,DeepSeek,text-generation,3187961,0.0041,,0.002761,7196.3
2026-04-09,OneThink/OneThinker-SFT-Qwen3-8B,Community,any-to-any,3186855,0.0,,0.00276,24897.3
2026-04-09,Qwen/Qwen3.5-27B,Alibaba,image-text-to-text,3165635,0.0003,,0.002741,73619.4
2026-04-08,sentence-transformers/all-MiniLM-L6-v2,Sentence Transformers,sentence-similarity,195695802,0.0,,0.169036,130725.3
2026-04-08,google-bert/bert-base-uncased,Google,fill-mask,68478915,0.0,,0.05915,45744.1
2026-04-08,google/electra-base-discriminator,Google,unknown,49061380,0.0,,0.042378,32773.1
2026-04-08,Falconsai/nsfw_image_detection,Community,image-classification,38214276,0.0,,0.033008,42132.6
2026-04-08,sentence-transformers/all-mpnet-base-v2,Sentence Transformers,sentence-similarity,29382494,0.0,,0.02538,19627.6
2026-04-08,openai/clip-vit-large-patch14,OpenAI,zero-shot-image-classification,28607706,0.0001,,0.024711,19110.0
2026-04-08,sentence-transformers/paraphrase-multilingual-MiniLM-L12-v2,Sentence Transformers,sentence-similarity,28205790,0.0,,0.024363,18841.5
2026-04-08,laion/clap-htsat-fused,Community,audio-classification,20709773,0.0,,0.017889,18071.4
2026-04-08,openai/clip-vit-base-patch32,OpenAI,zero-shot-image-classification,20582516,0.0,,0.017779,13749.2
2026-04-08,FacebookAI/roberta-large,Meta,fill-mask,20040741,0.0,,0.017311,13387.3
2026-04-08,FacebookAI/xlm-roberta-base,Meta,fill-mask,19559305,0.0,,0.016895,13065.7
2026-04-08,cross-encoder/ms-marco-MiniLM-L6-v2,Sentence Transformers,text-ranking,16159250,0.0,,0.013958,10794.4
2026-04-08,Bingsu/adetailer,Community,unknown,15828309,0.0,,0.013672,14696.7
2026-04-08,FacebookAI/roberta-base,Meta,fill-mask,15724642,0.0,,0.013583,10504.1
2026-04-08,colbert-ir/colbertv2.0,Community,unknown,15453944,0.0,,0.013349,15225.6
2026-04-08,BAAI/bge-small-en-v1.5,BAAI,feature-extraction,15354025,0.0,,0.013262,16368.9
2026-04-08,BAAI/bge-m3,BAAI,sentence-similarity,15009848,0.0002,,0.012965,18738.9
2026-04-08,Qwen/Qwen3-0.6B,Alibaba,text-generation,14721753,0.0001,,0.012716,42671.7
2026-04-08,timm/mobilenetv3_small_100.lamb_in1k,Hugging Face,image-classification,14600683,0.0,,0.012612,12086.7
2026-04-08,openai/clip-vit-large-patch14-336,OpenAI,zero-shot-image-classification,14361824,0.0,,0.012405,9932.1
2026-04-08,openai-community/gpt2,OpenAI,text-generation,13455084,0.0002,,0.011622,8988.0
2026-04-08,amazon/chronos-2,Amazon,time-series-forecasting,13032279,0.0,,0.011257,81964.0
2026-04-08,Qwen/Qwen2.5-7B-Instruct,Alibaba,text-generation,12930159,0.0001,,0.011169,22764.4
2026-04-08,pyannote/wespeaker-voxceleb-resnet34-LM,Community,unknown,11982633,0.0,,0.01035,13678.8
2026-04-08,pyannote/segmentation-3.0,Community,voice-activity-detection,11142595,0.0001,,0.009625,12007.1
2026-04-08,pyannote/speaker-diarization-3.1,Community,automatic-speech-recognition,10923242,0.0002,,0.009435,12512.3
2026-04-08,omni-research/Tarsier2-Recap-7b,Community,unknown,10808823,0.0,,0.009336,25735.3
2026-04-08,nomic-ai/nomic-embed-text-v1.5,Community,sentence-similarity,10750304,0.0001,,0.009286,13659.9
2026-04-08,autogluon/chronos-bolt-small,Amazon,time-series-forecasting,10205932,0.0,,0.008816,20011.6
2026-04-08,Qwen/Qwen2.5-1.5B-Instruct,Alibaba,text-generation,9880305,0.0001,,0.008534,17425.6
2026-04-08,hexgrad/Kokoro-82M,Community,text-to-speech,9858305,0.0006,,0.008515,21109.9
2026-04-08,autogluon/chronos-2,Amazon,time-series-forecasting,9177081,0.0,,0.007927,50148.0
2026-04-08,Qwen/Qwen3-8B,Alibaba,text-generation,8937175,0.0001,,0.00772,25904.9
2026-04-08,meta-llama/Llama-3.1-8B-Instruct,Meta,text-generation,8712721,0.0007,,0.007526,13873.8
2026-04-08,Qwen/Qwen3-4B,Alibaba,text-generation,8280636,0.0001,,0.007153,24001.8
2026-04-08,Marqo/nsfw-image-detection-384,Community,image-classification,8136038,0.0,,0.007028,16175.0
2026-04-08,Qwen/Qwen3-1.7B,Alibaba,text-generation,8011319,0.0001,,0.00692,23221.2
2026-04-08,Qwen/Qwen2.5-3B-Instruct,Alibaba,text-generation,7846229,0.0001,,0.006777,13838.1
2026-04-08,distilbert/distilbert-base-uncased,Hugging Face,fill-mask,7716356,0.0001,,0.006665,5154.5
2026-04-08,Kijai/WanVideo_comfy,Community,unknown,7595909,0.0003,,0.006561,18709.1
2026-04-08,lpiccinelli/unidepth-v2-vitl14,Community,unknown,7449638,0.0,,0.006435,11219.3
2026-04-08,Qwen/Qwen3-4B-Instruct-2507,Alibaba,text-generation,7353228,0.0001,,0.006352,30013.2
2026-04-08,facebook/contriever,Meta,unknown,7262133,0.0,,0.006273,4851.1
2026-04-08,answerdotai/ModernBERT-base,Community,fill-mask,7238545,0.0001,,0.006252,15017.7
2026-04-08,BAAI/bge-large-en-v1.5,BAAI,feature-extraction,7137544,0.0001,,0.006165,7609.3
2026-04-08,Comfy-Org/Wan_2.2_ComfyUI_Repackaged,Community,unknown,6972057,0.0001,,0.006022,27449.0
2026-04-08,dima806/fairface_age_image_detection,Community,image-classification,6748143,0.0,,0.005829,13856.6
2026-04-08,amazon/chronos-bolt-base,Amazon,time-series-forecasting,6735816,0.0,,0.005818,13525.7
2026-04-08,facebook/opt-125m,Meta,text-generation,6648760,0.0,,0.005743,4659.3
2026-04-08,jonatasgrosman/wav2vec2-large-xlsr-53-russian,Community,automatic-speech-recognition,6645123,0.0,,0.00574,4439.0
2026-04-08,FacebookAI/xlm-roberta-large,Meta,fill-mask,6590711,0.0001,,0.005693,4402.6
2026-04-08,trl-internal-testing/tiny-Qwen2ForCausalLM-2.5,Community,text-generation,6546474,0.0,,0.005655,13145.5
2026-04-08,Qwen/Qwen2.5-VL-3B-Instruct,Alibaba,image-text-to-text,6384245,0.0001,,0.005515,14642.8
2026-04-08,coqui/XTTS-v2,Community,text-to-speech,6183875,0.0006,,0.005341,6956.0
2026-04-08,moonshotai/Kimi-K2.5,Community,image-text-to-text,6105207,0.0004,,0.005274,63595.9
2026-04-08,Qwen/Qwen3-Embedding-0.6B,Alibaba,feature-extraction,5977435,0.0002,,0.005163,19407.3
2026-04-08,BAAI/bge-base-en-v1.5,BAAI,feature-extraction,5968737,0.0001,,0.005156,6356.5
2026-04-08,meta-llama/Llama-3.2-3B-Instruct,Meta,text-generation,5884443,0.0004,,0.005083,10396.5
2026-04-08,jonatasgrosman/wav2vec2-large-xlsr-53-portuguese,Community,automatic-speech-recognition,5882154,0.0,,0.005081,3929.3
2026-04-08,BAAI/bge-reranker-v2-m3,BAAI,text-classification,5866981,0.0002,,0.005068,7791.5
2026-04-08,argmaxinc/whisperkit-coreml,Community,automatic-speech-recognition,5848427,0.0,,0.005052,7605.2
2026-04-08,openai/gpt-oss-20b,OpenAI,text-generation,5766017,0.0008,,0.004981,23439.1
2026-04-08,Qwen/Qwen2.5-0.5B-Instruct,Alibaba,text-generation,5717441,0.0001,,0.004939,10065.9
2026-04-08,zai-org/GLM-OCR,Community,image-to-text,5470783,0.0003,,0.004726,81653.5
2026-04-08,google/vit-base-patch16-224-in21k,Google,image-feature-extraction,5441361,0.0001,,0.0047,3634.8
2026-04-08,openai/whisper-large-v3-turbo,OpenAI,automatic-speech-recognition,5297781,0.0005,,0.004576,9580.1
2026-04-08,intfloat/multilingual-e5-large,Community,feature-extraction,5094824,0.0002,,0.004401,5034.4
2026-04-08,jonatasgrosman/wav2vec2-large-xlsr-53-chinese-zh-cn,Community,automatic-speech-recognition,5031393,0.0,,0.004346,3361.0
2026-04-08,ProsusAI/finbert,Community,text-classification,4937014,0.0002,,0.004264,3297.9
2026-04-08,Qwen/Qwen3.5-9B,Alibaba,image-text-to-text,4908545,0.0002,,0.00424,125860.1
2026-04-08,openai/whisper-large-v3,OpenAI,automatic-speech-recognition,4735324,0.0012,,0.00409,5368.8
2026-04-08,sentence-transformers/paraphrase-multilingual-mpnet-base-v2,Sentence Transformers,sentence-similarity,4604503,0.0001,,0.003977,3075.8
2026-04-08,google-bert/bert-base-cased,Google,fill-mask,4563245,0.0001,,0.003942,3048.3
2026-04-08,google-bert/bert-base-multilingual-uncased,Google,fill-mask,4544268,0.0,,0.003925,3035.6
2026-04-08,google/vit-base-patch16-224,Google,image-classification,4422705,0.0002,,0.00382,2954.4
2026-04-08,dphn/dolphin-2.9.1-yi-1.5-34b,Community,text-generation,4406531,0.0,,0.003806,6395.5
2026-04-08,timm/vit_base_patch14_dinov2.lvd142m,Hugging Face,image-feature-extraction,4377720,0.0,,0.003781,4114.4
2026-04-08,Qwen/Qwen3-VL-30B-A3B-Instruct,Alibaba,image-text-to-text,4363638,0.0001,,0.003769,23088.0
2026-04-08,Qwen/Qwen2.5-VL-7B-Instruct,Alibaba,image-text-to-text,4351463,0.0003,,0.003759,9980.4
2026-04-08,Qwen/Qwen3-VL-8B-Instruct,Alibaba,image-text-to-text,4336037,0.0002,,0.003745,24359.8
2026-04-08,MahmoudAshraf/mms-300m-1130-forced-aligner,Community,automatic-speech-recognition,4287858,0.0,,0.003704,6082.1
2026-04-08,Comfy-Org/Wan_2.1_ComfyUI_repackaged,Community,unknown,4249527,0.0002,,0.003671,10466.8
2026-04-08,Qwen/Qwen2.5-32B-Instruct,Alibaba,text-generation,4244320,0.0001,,0.003666,7485.6
2026-04-08,meta-llama/Llama-3.2-1B-Instruct,Meta,text-generation,4193034,0.0003,,0.003622,7408.2
2026-04-08,intfloat/multilingual-e5-small,Community,sentence-similarity,3941589,0.0001,,0.003405,3894.9
2026-04-08,facebook/esmfold_v1,Meta,unknown,3926635,0.0,,0.003392,3133.8
2026-04-08,sentence-transformers/paraphrase-MiniLM-L6-v2,Sentence Transformers,sentence-similarity,3850042,0.0,,0.003326,2571.8
2026-04-08,usyd-community/vitpose-plus-base,Community,keypoint-detection,3748237,0.0,,0.003238,8256.0
2026-04-08,openai/gpt-oss-120b,OpenAI,text-generation,3652094,0.0013,,0.003155,14845.9
2026-04-08,sentence-transformers/all-MiniLM-L12-v2,Sentence Transformers,sentence-similarity,3487616,0.0001,,0.003012,2329.7
2026-04-08,cardiffnlp/twitter-roberta-base-sentiment-latest,Community,text-classification,3465202,0.0002,,0.002993,2335.0
2026-04-08,mixedbread-ai/mxbai-embed-large-v1,Community,feature-extraction,3411802,0.0002,,0.002947,4483.3
2026-04-08,nomic-ai/nomic-embed-text-v1,Community,sentence-similarity,3387615,0.0002,,0.002926,4250.5
2026-04-08,google-bert/bert-base-multilingual-cased,Google,fill-mask,3375136,0.0002,,0.002915,2254.6
2026-04-08,google-bert/bert-base-chinese,Google,fill-mask,3356908,0.0004,,0.0029,2242.4
2026-04-08,Qwen/Qwen3.5-35B-A3B,Alibaba,image-text-to-text,3344183,0.0004,,0.002889,79623.4
2026-04-08,Qwen/Qwen3-32B,Alibaba,text-generation,3317577,0.0002,,0.002866,9616.2
2026-04-08,jonatasgrosman/wav2vec2-large-xlsr-53-japanese,Community,automatic-speech-recognition,3193936,0.0,,0.002759,2133.6
2026-04-08,iitolstykh/mivolo_v2,Community,unknown,3180682,0.0,,0.002747,4168.7
2026-04-08,Qwen/Qwen3.5-27B,Alibaba,image-text-to-text,3163040,0.0003,,0.002732,75310.5
